종목코드,종목명,시장구분,업종명,종가,대비,등락률,시가총액
"060310","3S","KOSDAQ","의료·정밀기기","1571","-138","-8.07","83355751840"
"054620","APS","KOSDAQ","금융","6500","-260","-3.85","119562436500"
"079810","APS이노베이션","KOSDAQ","전기·전자","6080","-40","-0.65","130890811520"
"265520","AP시스템","KOSDAQ","기계·장비","25850","-350","-1.34","389063722850"
"211270","AP위성","KOSDAQ","전기·전자","16840","-710","-4.05","253985999360"
"139050","BF랩스","KOSDAQ","IT 서비스","601","120","24.95","5195375151"
"126600","BGF에코머티리얼즈","KOSDAQ","화학","4100","-95","-2.26","257344285900"
"083790","CG인바이츠","KOSDAQ","일반서비스","1170","15","1.30","89966192940"
"035760","CJ ENM","KOSDAQ","오락·문화","51300","-1700","-3.21","1124965600200"
"311690","CJ 바이오사이언스","KOSDAQ","일반서비스","7750","-40","-0.51","101257330500"
"051500","CJ프레시웨이","KOSDAQ","유통","26850","100","0.37","318752084100"
"058820","CMG제약","KOSDAQ","제약","1633","-44","-2.62","241426284839"
"056730","CNT85","KOSDAQ","건설","514","0","0.00","38093149604"
"065770","CS","KOSDAQ","전기·전자","1584","0","0.00","30747229920"
"083660","CSA 코스믹","KOSDAQ","화학","359","-9","-2.45","22555775781"
"477760","DB금융스팩12호","KOSDAQ","금융","2230","0","0.00","13023200000"
"099520","DGI","KOSDAQ","전기·전자","1284","0","0.00","58141862016"
"290120","DH오토리드","KOSDAQ","운송장비·부품","2950","-45","-1.50","46681534550"
"025440","DH오토웨어","KOSDAQ","전기·전자","870","-30","-3.33","42439664880"
"068790","DMS","KOSDAQ","기계·장비","8020","-340","-4.07","181013196480"
"241520","DSC인베스트먼트","KOSDAQ","금융","15780","-620","-3.78","419748000000"
"180400","DXVX","KOSDAQ","일반서비스","4245","50","1.19","417832938840"
"418620","E8","KOSDAQ","IT 서비스","1384","-61","-4.22","27473060168"
"245620","EDGC","KOSDAQ","일반서비스","415","0","0.00","57474989665"
"037370","EG","KOSDAQ","화학","5210","-90","-1.70","44936104120"
"050120","ES큐브","KOSDAQ","유통","2900","55","1.93","39335849400"
"214270","FSN","KOSDAQ","IT 서비스","1919","-43","-2.19","86843548615"
"032620","GC메디아이","KOSDAQ","IT 서비스","3920","10","0.26","204612784880"
"130500","GH신소재","KOSDAQ","섬유·의류","2470","-30","-1.20","35926278440"
"900290","GRT","KOSDAQ","금융","3720","-105","-2.75","300762000000"
"083450","GST","KOSDAQ","기계·장비","58000","1100","1.93","1068940000000"
"297890","HB솔루션","KOSDAQ","기계·장비","2585","-130","-4.79","189069262690"
"440290","HB인베스트먼트","KOSDAQ","금융","2140","0","0.00","58863760200"
"078150","HB테크놀러지","KOSDAQ","기계·장비","4530","510","12.69","420003099480"
"225530","HC보광산업","KOSDAQ","비금속","3310","15","0.46","120281186370"
"060560","HC홈센타","KOSDAQ","유통","3505","145","4.32","88984943505"
"376270","HEM파마","KOSDAQ","일반서비스","61500","1500","2.50","441950500500"
"195940","HK이노엔","KOSDAQ","제약","51000","-1100","-2.11","1444824441000"
"028300","HLB","KOSDAQ","제약","59500","-2200","-3.57","7923124779500"
"278650","HLB바이오스텝","KOSDAQ","일반서비스","1272","0","0.00","110870043648"
"067630","HLB생명과학","KOSDAQ","제약","4040","-140","-3.35","492544914320"
"024850","HLB이노베이션","KOSDAQ","전기·전자","22950","-1850","-7.46","728058547800"
"187420","HLB제넥스","KOSDAQ","제약","2735","25","0.92","86387455645"
"047920","HLB제약","KOSDAQ","일반서비스","16750","-420","-2.45","549389213000"
"115450","HLB테라퓨틱스","KOSDAQ","유통","3460","-125","-3.49","306487177140"
"046210","HLB파나진","KOSDAQ","제약","2030","-20","-0.98","92421758800"
"196300","HLB펩","KOSDAQ","제약","6820","-160","-2.29","63747426600"
"403870","HPSP","KOSDAQ","기계·장비","54700","-1900","-3.36","4501810000000"
"036640","HRS","KOSDAQ","화학","5180","-30","-0.58","84717864000"
"467930","IBKS제23호스팩","KOSDAQ","금융","2145","-10","-0.46","9073350000"
"469480","IBKS제24호스팩","KOSDAQ","금융","2140","0","0.00","9052200000"
"0099X0","IBKS제25호스팩","KOSDAQ","금융","2145","0","0.00","12827100000"
"095340","ISC","KOSDAQ","유통","247000","-9000","-3.52","5235673326000"
"950170","JTC","KOSDAQ","유통","5170","260","5.30","267528619160"
"067290","JW신약","KOSDAQ","제약","1870","-31","-1.63","104789382610"
"035900","JYP Ent.","KOSDAQ","오락·문화","59900","-800","-1.32","2128396270800"
"318000","KBG","KOSDAQ","화학","4360","-130","-2.90","38107372280"
"024840","KBI메탈","KOSDAQ","금속","9300","690","8.01","324655550700"
"024120","KB오토시스","KOSDAQ","운송장비·부품","3780","-20","-0.53","43470000000"
"464680","KB제27호스팩","KOSDAQ","금융","2095","5","0.24","27035975000"
"478390","KB제29호스팩","KOSDAQ","금융","2065","-5","-0.24","12844300000"
"486630","KB제30호스팩","KOSDAQ","금융","2050","0","0.00","10885500000"
"492220","KB제31호스팩","KOSDAQ","금융","2035","5","0.25","12637350000"
"0037T0","KB제32호스팩","KOSDAQ","금융","2005","0","0.00","12691650000"
"0072Z0","KB제33호스팩","KOSDAQ","금융","1999","2","0.10","15762115000"
"021320","KCC건설","KOSDAQ","건설","7310","240","3.39","156434000000"
"044180","KD","KOSDAQ","건설","205","0","0.00","5477148795"
"151860","KG에코솔루션","KOSDAQ","운송장비·부품","7070","20","0.28","336553224140"
"035600","KG이니시스","KOSDAQ","IT 서비스","11250","-80","-0.71","309987382500"
"046440","KG파이낸셜","KOSDAQ","IT 서비스","5010","-70","-1.38","190434118020"
"060720","KH바텍","KOSDAQ","전기·전자","13830","-120","-0.86","327459022860"
"058400","KNN","KOSDAQ","오락·문화","707","-8","-1.12","93627812040"
"101000","KS인더스트리","KOSDAQ","기계·장비","802","4","0.50","31792842296"
"089600","KT나스미디어","KOSDAQ","일반서비스","11900","160","1.36","137661139700"
"418470","KT밀리의서재","KOSDAQ","IT 서비스","12640","-70","-0.55","108271572960"
"043610","KT지니뮤직","KOSDAQ","오락·문화","1695","-28","-1.63","98505667410"
"122450","KX","KOSDAQ","오락·문화","3085","-80","-2.53","138269187890"
"052900","KX하이텍","KOSDAQ","화학","1295","-44","-3.29","89978195440"
"036560","KZ정밀","KOSDAQ","기계·장비","14160","-220","-1.53","223020000000"
"061970","LB세미콘","KOSDAQ","전기·전자","5360","-260","-4.63","311324912160"
"309960","LB인베스트먼트","KOSDAQ","금융","5930","-170","-2.79","137678227270"
"073490","LIG아큐버","KOSDAQ","전기·전자","53200","600","1.14","404524607200"
"225190","LK삼양","KOSDAQ","의료·정밀기기","2020","-80","-3.81","142346248800"
"060370","LS마린솔루션","KOSDAQ","건설","47100","-3000","-5.99","2460450023400"
"417200","LS머트리얼즈","KOSDAQ","전기·전자","26900","-3300","-10.93","1819856527100"
"078020","LS증권","KOSDAQ","금융","8270","-740","-8.21","458829441300"
"322180","LS티라유텍","KOSDAQ","IT 서비스","9550","-390","-3.92","199804947200"
"476080","M83","KOSDAQ","오락·문화","6770","-150","-2.17","54681290000"
"086960","MDS테크","KOSDAQ","IT 서비스","1115","0","0.00","114502048300"
"160550","NEW","KOSDAQ","오락·문화","1696","-24","-1.40","47328755776"
"053290","NE능률","KOSDAQ","오락·문화","2015","-65","-3.13","33300508605"
"060250","NHN KCP","KOSDAQ","금융","18950","-2350","-11.03","761043578450"
"104200","NHN벅스","KOSDAQ","IT 서비스","3925","-75","-1.88","58198133750"
"063570","NICE인프라","KOSDAQ","일반서비스","4340","-100","-2.25","148201139520"
"222160","NPX","KOSDAQ","기계·장비","8040","0","0.00","79551289560"
"024940","PN풍년","KOSDAQ","유통","3150","-35","-1.10","31500000000"
"332570","PS일렉트로닉스","KOSDAQ","전기·전자","10090","180","1.82","476904021530"
"218410","RFHIC","KOSDAQ","전기·전자","100800","4400","4.56","2676586953600"
"327260","RF머트리얼즈","KOSDAQ","전기·전자","119500","7500","6.70","1015168632500"
"474610","RF시스템즈","KOSDAQ","금속","13540","-470","-3.35","193725553920"
"091340","S&K폴리텍","KOSDAQ","전기·전자","2580","-30","-1.15","30195600180"
"419530","SAMG엔터","KOSDAQ","오락·문화","35950","-1100","-2.97","359207546750"
"019550","SBI인베스트먼트","KOSDAQ","금융","638","0","0.00","103398474850"
"246960","SCL사이언스","KOSDAQ","제약","1944","24","1.25","66129139368"
"099220","SDN","KOSDAQ","유통","1292","-25","-1.90","83908100200"
"036540","SFA반도체","KOSDAQ","전기·전자","8310","-580","-6.52","1366665117930"
"255220","SG","KOSDAQ","비금속","2570","50","1.98","281577686140"
"040610","SG&G","KOSDAQ","운송장비·부품","2175","0","0.00","74139651300"
"184230","SGA솔루션즈","KOSDAQ","IT 서비스","754","0","0.00","71207681584"
"016250","SGC E&C","KOSDAQ","건설","17080","540","3.26","86031720880"
"357880","SKAI","KOSDAQ","IT 서비스","3270","0","0.00","169270958130"
"048550","SM C&C","KOSDAQ","일반서비스","1077","-9","-0.83","104161645740"
"063440","SM Life Design","KOSDAQ","출판·매체복제","1424","-2","-0.14","64534774336"
"067160","SOOP","KOSDAQ","IT 서비스","54300","200","0.37","624165848100"
"289080","SV인베스트먼트","KOSDAQ","금융","4020","-95","-2.31","218351614440"
"041930","SY동아","KOSDAQ","화학","6600","-70","-1.05","100320000000"
"013720","THE CUBE&","KOSDAQ","운송장비·부품","651","1","0.15","39599121093"
"089230","THE E&M","KOSDAQ","IT 서비스","4325","235","5.75","157089856050"
"032540","TJ미디어","KOSDAQ","전기·전자","3640","-10","-0.27","76066583320"
"048770","TPC로보틱스","KOSDAQ","기계·장비","3985","-85","-2.09","62556494135"
"246690","TS인베스트먼트","KOSDAQ","금융","1806","-60","-3.22","84828654372"
"317240","TS트릴리온","KOSDAQ","화학","1557","12","0.78","45428139027"
"057030","YBM넷","KOSDAQ","일반서비스","2725","-40","-1.45","44452099325"
"040300","YTN","KOSDAQ","오락·문화","3285","-90","-2.67","156618879300"
"051390","YW","KOSDAQ","유통","4570","5","0.11","51894031760"
"052220","iMBC","KOSDAQ","오락·문화","3010","-20","-0.66","69230000000"
"079940","가비아","KOSDAQ","IT 서비스","32250","1300","4.20","432817059000"
"078890","가온그룹","KOSDAQ","전기·전자","8300","660","8.64","152927026900"
"399720","가온칩스","KOSDAQ","전기·전자","71500","-3500","-4.67","829430030000"
"036620","감성코퍼레이션","KOSDAQ","유통","6180","-60","-0.96","559313304780"
"198440","강동씨앤엘","KOSDAQ","비금속","1080","-9","-0.83","65806447680"
"217730","강스템바이오텍","KOSDAQ","제약","3740","25","0.67","351762517260"
"114190","강원에너지","KOSDAQ","전기·전자","15490","-300","-1.90","404645858620"
"094480","갤럭시아머니트리","KOSDAQ","IT 서비스","8510","-370","-4.17","333845921380"
"039240","경남스틸","KOSDAQ","금속","2765","-120","-4.16","74598605060"
"053950","경남제약","KOSDAQ","제약","3350","-495","-12.87","52358727850"
"011040","경동제약","KOSDAQ","제약","5560","-10","-0.18","171074338960"
"024910","경창산업","KOSDAQ","운송장비·부품","1985","8","0.40","71100724925"
"049720","고려신용정보","KOSDAQ","일반서비스","10030","0","0.00","143429000000"
"014570","고려제약","KOSDAQ","제약","4010","-25","-0.62","44110000000"
"348150","고바이오랩","KOSDAQ","일반서비스","4905","-115","-2.29","95249650545"
"950190","고스트스튜디오","KOSDAQ","IT 서비스","7900","-10","-0.13","102834766100"
"098460","고영","KOSDAQ","기계·장비","40150","-1450","-3.49","2756488413250"
"035290","골드앤에스","KOSDAQ","오락·문화","712","7","0.99","16972826880"
"215000","골프존","KOSDAQ","IT 서비스","49950","250","0.50","313456979250"
"121440","골프존홀딩스","KOSDAQ","유통","4950","-40","-0.80","212042249100"
"366030","공구우먼","KOSDAQ","섬유·의류","6610","-140","-2.07","149741948500"
"029480","광무","KOSDAQ","전기·전자","2100","-35","-1.64","125410177200"
"026910","광진실업","KOSDAQ","금속","2440","230","10.41","15629188200"
"465320","교보15호스팩","KOSDAQ","금융","2335","0","0.00","8896350000"
"482520","교보16호스팩","KOSDAQ","금융","2045","0","0.00","12474500000"
"489210","교보17호스팩","KOSDAQ","금융","2095","-5","-0.24","10852100000"
"0041B0","교보18호스팩","KOSDAQ","금융","2015","-5","-0.25","10155600000"
"0098T0","교보19호스팩","KOSDAQ","금융","2025","0","0.00","10935000000"
"0132G0","교보20호스팩","KOSDAQ","금융","1999","3","0.15","11934030000"
"053270","구영테크","KOSDAQ","운송장비·부품","2325","10","0.43","63729191625"
"066620","국보디자인","KOSDAQ","건설","24500","1300","5.60","183750000000"
"043650","국순당","KOSDAQ","음식료·담배","4175","-40","-0.95","74558419200"
"006050","국영지앤엠","KOSDAQ","비금속","1262","-15","-1.17","44037796666"
"060480","국일신동","KOSDAQ","금속","1880","0","0.00","20849200000"
"078130","국일제지","KOSDAQ","종이·목재","436","0","0.00","491548959756"
"307750","국전","KOSDAQ","제약","3750","-55","-1.45","202448580000"
"035080","그래디언트","KOSDAQ","유통","11480","-40","-0.35","131231140320"
"318060","그래피","KOSDAQ","화학","30300","-900","-2.88","337171643100"
"453450","그리드위즈","KOSDAQ","일반서비스","24750","-350","-1.39","196583062500"
"204020","그리티","KOSDAQ","섬유·의류","2305","30","1.32","44834167760"
"0015G0","그린광학","KOSDAQ","의료·정밀기기","31850","-2700","-7.81","372725930850"
"402490","그린리소스","KOSDAQ","전기·전자","22550","150","0.67","375957861950"
"114450","그린생명과학","KOSDAQ","제약","2720","-50","-1.81","54400000000"
"186230","그린플러스","KOSDAQ","금속","4435","-15","-0.34","48431033780"
"900070","글로벌에스엠","KOSDAQ","금융","610","0","0.00","32783820480"
"204620","글로벌텍스프리","KOSDAQ","금융","5890","240","4.25","413968813700"
"019660","글로본","KOSDAQ","유통","2250","30","1.35","31374749250"
"053260","금강철강","KOSDAQ","금속","6640","-30","-0.45","124300800000"
"282720","금양그린파워","KOSDAQ","건설","15470","-920","-5.61","187488665000"
"036190","금화피에스시","KOSDAQ","건설","39250","0","0.00","235500000000"
"049080","기가레인","KOSDAQ","전기·전자","1822","-47","-2.51","154657458234"
"420770","기가비스","KOSDAQ","기계·장비","105000","1600","1.55","1330954590000"
"035460","기산텔레콤","KOSDAQ","전기·전자","4050","145","3.71","60358527000"
"407400","꿈비","KOSDAQ","기타제조","4105","-145","-3.41","60074762070"
"187790","나노","KOSDAQ","화학","6820","300","4.60","210334460600"
"121600","나노신소재","KOSDAQ","화학","81800","-900","-1.09","1002351923800"
"286750","나노실리칸첨단소재","KOSDAQ","화학","1448","-50","-3.34","46377784936"
"247660","나노씨엠에스","KOSDAQ","전기·전자","4710","-180","-3.68","20459863200"
"039860","나노엔텍","KOSDAQ","의료·정밀기기","6270","70","1.13","238843442310"
"091970","나노캠텍","KOSDAQ","화학","757","0","0.00","28519144571"
"417010","나노팀","KOSDAQ","기계·장비","11330","-890","-7.28","228557008240"
"405920","나라셀라","KOSDAQ","유통","2475","-40","-1.59","31873238100"
"478340","나라스페이스테크놀로지","KOSDAQ","운송장비·부품","32100","-1400","-4.18","370228271100"
"051490","나라엠앤디","KOSDAQ","기계·장비","3805","-15","-0.39","54031000000"
"137080","나래나노텍","KOSDAQ","기계·장비","5930","140","2.42","65582372460"
"190510","나무가","KOSDAQ","전기·전자","18540","-460","-2.42","261141777180"
"242040","나무기술","KOSDAQ","IT 서비스","4605","-125","-2.64","159361845720"
"293580","나우IB","KOSDAQ","금융","2525","-85","-3.26","239698123750"
"459510","나우로보틱스","KOSDAQ","기계·장비","30750","2450","8.66","399085246500"
"138610","나이벡","KOSDAQ","제약","23750","-650","-2.66","269985083750"
"130580","나이스디앤비","KOSDAQ","일반서비스","5560","-100","-1.77","85624000000"
"036800","나이스정보통신","KOSDAQ","통신","29400","-300","-1.01","294000000000"
"267320","나인테크","KOSDAQ","기계·장비","3665","-275","-6.98","210427056175"
"111710","남화산업","KOSDAQ","오락·문화","4035","-45","-1.10","83072580000"
"091590","남화토건","KOSDAQ","건설","4320","190","4.60","50716800000"
"168330","내츄럴엔도텍","KOSDAQ","일반서비스","2400","50","2.13","76211760000"
"094860","네오리진","KOSDAQ","IT 서비스","1480","-11","-0.74","37162820720"
"253590","네오셈","KOSDAQ","기계·장비","18090","-2560","-12.40","793593176760"
"212560","네오오토","KOSDAQ","운송장비·부품","8470","0","0.00","100049681270"
"095660","네오위즈","KOSDAQ","IT 서비스","21000","-300","-1.41","454365639000"
"042420","네오위즈홀딩스","KOSDAQ","IT 서비스","20700","-300","-1.43","168545258100"
"950220","네오이뮨텍","KOSDAQ","일반서비스","401","-16","-3.84","67223000405"
"311390","네오크레마","KOSDAQ","음식료·담배","4510","50","1.12","57068588390"
"085910","네오티스","KOSDAQ","운송장비·부품","27050","850","3.24","376936826900"
"092730","네오팜","KOSDAQ","화학","20100","410","2.08","322162578900"
"153460","네이블","KOSDAQ","IT 서비스","9360","-180","-1.89","61120931040"
"007390","네이처셀","KOSDAQ","제약","19040","-840","-4.23","1226843466240"
"033640","네패스","KOSDAQ","전기·전자","32750","-2050","-5.89","755188865500"
"330860","네패스아크","KOSDAQ","일반서비스","38400","-2200","-5.42","467867328000"
"351320","넥사다이내믹스","KOSDAQ","기계·장비","1491","147","10.94","44280675222"
"089140","넥스턴앤롤코리아","KOSDAQ","기계·장비","2170","35","1.64","33236227780"
"389650","넥스트바이오메디컬","KOSDAQ","의료·정밀기기","56400","-1500","-2.59","462699170400"
"137940","넥스트아이","KOSDAQ","의료·정밀기기","263","0","0.00","22452044896"
"396270","넥스트칩","KOSDAQ","전기·전자","5110","20","0.39","168054772410"
"348210","넥스틴","KOSDAQ","기계·장비","71600","-300","-0.42","750153558000"
"225570","넥슨게임즈","KOSDAQ","IT 서비스","11180","-270","-2.36","736316745320"
"205500","넥써쓰","KOSDAQ","IT 서비스","1754","-64","-3.52","112452621646"
"217270","넵튠","KOSDAQ","IT 서비스","3720","-120","-3.13","173856591960"
"104620","노랑풍선","KOSDAQ","일반서비스","4870","75","1.56","81867388240"
"473980","노머스","KOSDAQ","오락·문화","16940","-250","-1.45","187311034680"
"194700","노바렉스","KOSDAQ","음식료·담배","14650","-360","-2.40","267433523200"
"285490","노바텍","KOSDAQ","기타제조","22850","-550","-2.35","241657738350"
"145170","노브랜드","KOSDAQ","섬유·의류","4635","50","1.09","78370457175"
"106520","노블엠앤비","KOSDAQ","의료·정밀기기","411","0","0.00","15904036272"
"376930","노을","KOSDAQ","의료·정밀기기","1244","-129","-9.40","63806405812"
"486990","노타","KOSDAQ","IT 서비스","35450","1700","5.04","756723853500"
"142280","녹십자엠에스","KOSDAQ","제약","3830","-40","-1.03","83271576580"
"234690","녹십자웰빙","KOSDAQ","제약","12280","220","1.82","220589201200"
"054050","농우바이오","KOSDAQ","농업, 임업 및 어업","7920","-50","-0.63","126962043120"
"069140","누리플랜","KOSDAQ","금속","2010","-20","-0.99","30342566040"
"040160","누리플렉스","KOSDAQ","IT 서비스","17550","570","3.36","211574639250"
"332290","누보","KOSDAQ","화학","1278","-4","-0.31","50997828312"
"348340","뉴로메카","KOSDAQ","기계·장비","62500","-2600","-3.99","772634437500"
"380550","뉴로핏","KOSDAQ","IT 서비스","19000","-340","-1.76","229744865000"
"060260","뉴보텍","KOSDAQ","화학","1360","-40","-2.86","18145604160"
"463020","뉴엔AI","KOSDAQ","IT 서비스","14470","-820","-5.36","128482024000"
"123840","뉴온","KOSDAQ","음식료·담배","555","0","0.00","35328140385"
"012340","뉴인텍","KOSDAQ","운송장비·부품","1610","-495","-23.52","18193502320"
"462310","뉴키즈온","KOSDAQ","섬유·의류","4185","-250","-5.64","34254731385"
"270870","뉴트리","KOSDAQ","음식료·담배","4200","-35","-0.83","38640940800"
"144960","뉴파워프라즈마","KOSDAQ","기계·장비","7520","-330","-4.20","328568532480"
"085670","뉴프렉스","KOSDAQ","전기·전자","6460","-250","-3.73","157951916060"
"064260","다날","KOSDAQ","IT 서비스","7500","-500","-6.25","567340927500"
"340360","다보링크","KOSDAQ","전기·전자","1582","11","0.70","82363305304"
"039560","다산네트웍스","KOSDAQ","전기·전자","5210","250","5.04","219778468070"
"208860","다산디엠씨","KOSDAQ","IT 서비스","1257","-20","-1.57","42675116061"
"154040","다산솔루에타","KOSDAQ","전기·전자","1187","-14","-1.17","21306761578"
"032190","다우데이타","KOSDAQ","유통","23700","-950","-3.85","907710000000"
"323350","다원넥스뷰","KOSDAQ","기계·장비","17200","2140","14.21","137785278400"
"068240","다원시스","KOSDAQ","전기·전자","2530","0","0.00","96553495610"
"290660","다이나믹솔루션","KOSDAQ","의료·정밀기기","1194","12","1.02","100447019508"
"464580","닷밀","KOSDAQ","오락·문화","2050","-80","-3.76","37732482450"
"020400","대동금속","KOSDAQ","금속","4880","-670","-12.07","31126260160"
"008830","대동기어","KOSDAQ","기계·장비","20400","200","0.99","183345408000"
"048470","대동스틸","KOSDAQ","유통","3545","-5","-0.14","34209250000"
"004780","대륙제관","KOSDAQ","금속","3980","-20","-0.50","63294732020"
"017650","대림제지","KOSDAQ","종이·목재","9600","50","0.52","84336000000"
"389260","대명에너지","KOSDAQ","건설","21950","-1550","-6.60","393263333750"
"317850","대모","KOSDAQ","기계·장비","9450","620","7.02","78665769000"
"290670","대보마그네틱","KOSDAQ","전기·전자","11700","-180","-1.52","91934622000"
"078140","대봉엘에스","KOSDAQ","제약","10600","200","1.92","117517737400"
"065150","대산F&B","KOSDAQ","유통","145","0","0.00","23110448725"
"036480","대성미생물","KOSDAQ","제약","7140","-10","-0.14","27132000000"
"027830","대성창투","KOSDAQ","금융","1515","-25","-1.62","81810000000"
"129920","대성하이텍","KOSDAQ","기계·장비","9400","610","6.94","128921498200"
"471050","대신밸런스제17호스팩","KOSDAQ","금융","2105","-15","-0.71","12756300000"
"482690","대신밸런스제19호스팩","KOSDAQ","금융","2160","-15","-0.69","12128400000"
"020180","대신정보통신","KOSDAQ","IT 서비스","1178","9","0.77","45269261870"
"045390","대아티아이","KOSDAQ","전기·전자","4880","35","0.72","343910079760"
"108380","대양전기공업","KOSDAQ","운송장비·부품","30600","350","1.16","292760389800"
"007680","대원","KOSDAQ","건설","4335","-205","-4.52","58290464790"
"048910","대원미디어","KOSDAQ","유통","7210","-120","-1.64","90694200660"
"005710","대원산업","KOSDAQ","운송장비·부품","13840","260","1.91","277320384000"
"120240","대정화금","KOSDAQ","화학","13270","-130","-0.97","95416488570"
"003310","대주산업","KOSDAQ","음식료·담배","3220","-150","-4.45","113963367000"
"078600","대주전자재료","KOSDAQ","전기·전자","150700","-7900","-4.98","2340088437500"
"393970","대진첨단소재","KOSDAQ","화학","2825","0","0.00","50428566500"
"096350","대창솔루션","KOSDAQ","금속","3055","-170","-5.27","112591297910"
"140520","대창스틸","KOSDAQ","금속","2340","60","2.63","49395628620"
"131220","대한과학","KOSDAQ","유통","4655","-60","-1.27","34700650950"
"010170","대한광통신","KOSDAQ","전기·전자","21800","3530","19.32","3389587388000"
"054670","대한뉴팜","KOSDAQ","제약","6550","-220","-3.25","94024726000"
"023910","대한약품","KOSDAQ","제약","28450","50","0.18","170700000000"
"021040","대호특수강","KOSDAQ","금속","1272","-15","-1.17","27608472528"
"021045","대호특수강우","KOSDAQ","금속","2710","-35","-1.28","2299413320"
"067080","대화제약","KOSDAQ","제약","14150","-220","-1.53","263425597500"
"298540","더네이쳐홀딩스","KOSDAQ","섬유·의류","7900","20","0.25","114442449400"
"032860","더라미","KOSDAQ","일반서비스","1205","-26","-2.11","48677014915"
"393890","더블유씨피","KOSDAQ","전기·전자","18080","-650","-3.47","611884043520"
"299170","더블유에스아이","KOSDAQ","유통","2165","-65","-2.91","89871938520"
"462860","더즌","KOSDAQ","통신","3500","-175","-4.76","251634341000"
"224060","더코디","KOSDAQ","전기·전자","5900","0","0.00","30448259800"
"043090","더테크놀로지","KOSDAQ","유통","1140","0","0.00","4718944500"
"403850","더핑크퐁컴퍼니","KOSDAQ","오락·문화","16000","-380","-2.32","229616160000"
"213420","덕산네오룩스","KOSDAQ","전기·전자","51700","-800","-1.52","1283771954300"
"317330","덕산테코피아","KOSDAQ","화학","31250","4650","17.48","639893250000"
"077360","덕산하이메탈","KOSDAQ","전기·전자","18780","-710","-3.64","853306897560"
"090410","덕신이피씨","KOSDAQ","금속","1305","48","3.82","60139743975"
"0001A0","덕양에너젠","KOSDAQ","전기·가스·수도","20500","200","0.99","508219497500"
"263600","덕우전자","KOSDAQ","전기·전자","5990","-100","-1.64","95422556900"
"194480","데브시스터즈","KOSDAQ","IT 서비스","20850","-850","-3.92","252892777500"
"373160","데이원컴퍼니","KOSDAQ","일반서비스","4630","-45","-0.96","63928581470"
"263800","데이타솔루션","KOSDAQ","유통","5380","-50","-0.92","87292544400"
"206560","덱스터","KOSDAQ","오락·문화","2435","-55","-2.21","61877577160"
"261200","덴티스","KOSDAQ","의료·정밀기기","3675","-30","-0.81","58100647500"
"484120","도우인시스","KOSDAQ","전기·전자","23400","800","3.54","256403674800"
"067990","도이치모터스","KOSDAQ","유통","5190","0","0.00","151452244500"
"006620","동구바이오제약","KOSDAQ","제약","4955","-40","-0.80","141044035360"
"100130","동국S&C","KOSDAQ","금속","2315","-95","-3.94","132286045000"
"005160","동국산업","KOSDAQ","금속","3660","-135","-3.56","198534804120"
"303810","동국생명과학","KOSDAQ","제약","3315","-10","-0.30","106027424100"
"075970","동국알앤에스","KOSDAQ","비금속","2295","-50","-2.13","42228000000"
"086450","동국제약","KOSDAQ","제약","23300","-50","-0.21","1053868786000"
"240550","동방메디컬","KOSDAQ","의료·정밀기기","6430","-160","-2.43","134605234200"
"099410","동방선기","KOSDAQ","운송장비·부품","5340","-10","-0.19","74760000000"
"033500","동성화인텍","KOSDAQ","화학","27900","-200","-0.71","836706882600"
"025950","동신건설","KOSDAQ","건설","16710","1070","6.84","140364000000"
"088130","동아엘텍","KOSDAQ","기계·장비","10740","-130","-1.20","187792272360"
"060380","동양에스텍","KOSDAQ","금속","1541","9","0.59","30357700000"
"079960","동양이엔피","KOSDAQ","전기·전자","36400","-450","-1.22","286104000000"
"228340","동양파일","KOSDAQ","비금속","2030","-30","-1.46","40600000000"
"088910","동우팜투테이블","KOSDAQ","음식료·담배","2550","-55","-2.11","65870998200"
"094170","동운아나텍","KOSDAQ","전기·전자","48900","-750","-1.51","1022495870400"
"013120","동원개발","KOSDAQ","건설","2795","-5","-0.18","253808639500"
"109860","동일금속","KOSDAQ","금속","7460","20","0.27","67886000000"
"032960","동일기연","KOSDAQ","전기·전자","13630","-240","-1.73","47958449850"
"023790","동일스틸럭스","KOSDAQ","금속","1249","0","0.00","32648381633"
"005290","동진쎄미켐","KOSDAQ","화학","61000","1900","3.21","3136284134000"
"025900","동화기업","KOSDAQ","종이·목재","11910","-290","-2.38","602137264350"
"131970","두산테스나","KOSDAQ","일반서비스","134500","-5500","-3.93","2599513511000"
"073190","듀오백","KOSDAQ","기타제조","1175","-18","-1.51","14062447000"
"176750","듀켐바이오","KOSDAQ","제약","8780","-60","-0.68","249836831600"
"030350","드래곤플라이","KOSDAQ","IT 서비스","973","0","0.00","15171092867"
"203650","드림시큐리티","KOSDAQ","IT 서비스","4130","375","9.99","413770550620"
"223250","드림씨아이에스","KOSDAQ","일반서비스","6250","1435","29.80","153752775000"
"060570","드림어스컴퍼니","KOSDAQ","오락·문화","1119","-3","-0.27","82919660187"
"362990","드림인사이트","KOSDAQ","일반서비스","1653","-48","-2.82","27771348822"
"016670","디모아","KOSDAQ","유통","3765","-50","-1.31","38381291010"
"187870","디바이스","KOSDAQ","기계·장비","20200","2120","11.73","142139501800"
"489730","디비금융제13호스팩","KOSDAQ","금융","2055","-5","-0.24","13012260000"
"0004Y0","디비금융제14호스팩","KOSDAQ","금융","2025","0","0.00","10762875000"
"110990","디아이티","KOSDAQ","기계·장비","24900","-550","-2.16","470610000000"
"263690","디알젬","KOSDAQ","의료·정밀기기","5560","-130","-2.28","62970391600"
"214680","디알텍","KOSDAQ","의료·정밀기기","1793","-37","-2.02","149674361408"
"347850","디앤디파마텍","KOSDAQ","일반서비스","70200","-1700","-2.36","3075051119400"
"263720","디앤씨미디어","KOSDAQ","오락·문화","11720","-20","-0.17","145475566520"
"376300","디어유","KOSDAQ","IT 서비스","29050","-2400","-7.63","689600694300"
"104040","디에스엠","KOSDAQ","운송장비·부품","677","0","0.00","90763918202"
"109740","디에스케이","KOSDAQ","기계·장비","5290","-460","-8.00","136007963100"
"031860","디에이치엑스컴퍼니","KOSDAQ","유통","693","0","0.00","18714758139"
"196490","디에이테크놀로지","KOSDAQ","기계·장비","6090","0","0.00","36245518050"
"066900","디에이피","KOSDAQ","전기·전자","1855","88","4.98","42191053065"
"092070","디엔에프","KOSDAQ","화학","25150","900","3.71","291032228700"
"039840","디오","KOSDAQ","의료·정밀기기","16380","-360","-2.15","219751262640"
"219550","디와이디","KOSDAQ","유통","1666","-66","-3.81","64427980162"
"310870","디와이씨","KOSDAQ","운송장비·부품","1472","-18","-1.21","30451662912"
"104460","디와이피엔에프","KOSDAQ","기계·장비","14260","-150","-1.04","149988120260"
"113810","디젠스","KOSDAQ","운송장비·부품","710","12","1.72","23165916210"
"043360","디지아이","KOSDAQ","전기·전자","2630","-65","-2.41","23670000000"
"197140","디지캡","KOSDAQ","IT 서비스","1952","-41","-2.06","25401676608"
"068930","디지털대성","KOSDAQ","일반서비스","8480","320","3.92","234686900160"
"033130","디지틀조선","KOSDAQ","IT 서비스","2615","15","0.58","97056423205"
"105740","디케이락","KOSDAQ","기계·장비","10480","10","0.10","106566016240"
"263020","디케이앤디","KOSDAQ","화학","3695","-55","-1.47","51124559470"
"290550","디케이티","KOSDAQ","전기·전자","28700","900","3.24","574035301000"
"066670","디티씨","KOSDAQ","부동산","3050","95","3.21","57010349900"
"187220","디티앤씨","KOSDAQ","일반서비스","3060","-20","-0.65","35266294980"
"383930","디티앤씨알오","KOSDAQ","일반서비스","3670","160","4.56","46917749760"
"131180","딜리","KOSDAQ","전기·전자","941","0","0.00","27618350000"
"315640","딥노이드","KOSDAQ","IT 서비스","3320","-95","-2.78","97515810240"
"317120","라닉스","KOSDAQ","전기·전자","2375","-75","-3.06","36242500000"
"462510","라메디텍","KOSDAQ","의료·정밀기기","4580","-100","-2.14","40317579700"
"232680","라온로보틱스","KOSDAQ","기계·장비","17000","-330","-1.90","222971133000"
"042510","라온시큐어","KOSDAQ","IT 서비스","13320","-250","-1.84","149252917680"
"418420","라온텍","KOSDAQ","전기·전자","7200","-500","-6.49","221046717600"
"300120","라온피플","KOSDAQ","IT 서비스","1000","-94","-8.59","49504016000"
"171120","라이온켐텍","KOSDAQ","화학","2410","-55","-2.23","86523241600"
"388790","라이콤","KOSDAQ","전기·전자","5160","-60","-1.15","157969065600"
"214260","라파스","KOSDAQ","화학","9080","240","2.71","81015964040"
"171010","램테크놀러지","KOSDAQ","화학","3875","-175","-4.32","55407664000"
"084650","랩지노믹스","KOSDAQ","일반서비스","1253","13","1.05","93022707470"
"217500","러셀","KOSDAQ","기계·장비","2610","-145","-5.26","83029320000"
"038390","레드캡투어","KOSDAQ","일반서비스","10980","120","1.10","183594625560"
"294140","레몬","KOSDAQ","화학","3255","5","0.15","72960232590"
"443250","레뷰코퍼레이션","KOSDAQ","일반서비스","7500","-100","-1.32","83533200000"
"228670","레이","KOSDAQ","의료·정밀기기","7300","-710","-8.86","114172153300"
"228850","레이언스","KOSDAQ","의료·정밀기기","5990","-160","-2.60","99380173860"
"412350","레이저쎌","KOSDAQ","기계·장비","7630","-20","-0.26","110141201660"
"199550","레이저옵텍","KOSDAQ","의료·정밀기기","4455","-835","-15.78","54644098905"
"281740","레이크머티리얼즈","KOSDAQ","화학","22800","-1000","-4.20","1498656494400"
"277810","레인보우로보틱스","KOSDAQ","기계·장비","697000","-5000","-0.71","13521701026000"
"215100","로보로보","KOSDAQ","전기·전자","7260","-200","-2.68","147729776040"
"090360","로보스타","KOSDAQ","기계·장비","68400","-1300","-1.87","666900000000"
"108490","로보티즈","KOSDAQ","기계·장비","302000","-8000","-2.58","4426422456000"
"900260","로스웰","KOSDAQ","금융","1645","33","2.05","75718866370"
"033290","로젠","KOSDAQ","유통","1958","-5","-0.25","109954037358"
"067730","로지시스","KOSDAQ","IT 서비스","3190","-40","-1.24","30859811180"
"071280","로체시스템즈","KOSDAQ","기계·장비","9840","-340","-3.34","150518573520"
"376900","로킷헬스케어","KOSDAQ","제약","68400","-7600","-10.00","1076529747600"
"214610","롤링스톤","KOSDAQ","의료·정밀기기","2290","0","0.00","19197807380"
"328130","루닛","KOSDAQ","IT 서비스","20850","-1450","-6.50","610581866700"
"038060","루멘스","KOSDAQ","전기·전자","1710","124","7.82","82256247990"
"474170","루미르","KOSDAQ","운송장비·부품","14520","-1520","-9.48","258712945920"
"141080","리가켐바이오","KOSDAQ","일반서비스","182700","5900","3.34","6763447668600"
"058470","리노공업","KOSDAQ","전기·전자","113500","-3200","-2.74","8650044975000"
"016100","리더스코스메틱","KOSDAQ","종이·목재","1680","-86","-4.87","32089501920"
"012700","리드코프","KOSDAQ","유통","3635","-45","-1.22","95218287020"
"302550","리메드","KOSDAQ","의료·정밀기기","2950","-35","-1.17","91176092500"
"491000","리브스메드","KOSDAQ","의료·정밀기기","64600","-2800","-4.15","1615283658600"
"394420","리센스메디컬","KOSDAQ","의료·정밀기기","33900","2900","9.35","367825102200"
"073570","리튬포어스","KOSDAQ","기타제조","821","0","0.00","49413232261"
"377450","리파인","KOSDAQ","IT 서비스","11950","-50","-0.42","207093500000"
"277070","린드먼아시아","KOSDAQ","금융","4230","15","0.36","57917160000"
"042500","링네트","KOSDAQ","IT 서비스","5720","50","0.88","127505343680"
"193250","링크드","KOSDAQ","전기·전자","396","0","0.00","26470488132"
"474650","링크솔루션","KOSDAQ","기계·장비","56500","-1500","-2.59","324711545500"
"219420","링크제니시스","KOSDAQ","IT 서비스","5160","30","0.58","59182656120"
"439090","마녀공장","KOSDAQ","화학","15070","30","0.20","247046428200"
"195500","마니커에프앤지","KOSDAQ","음식료·담배","2710","-40","-1.45","43300380000"
"377480","마음AI","KOSDAQ","IT 서비스","17450","2090","13.61","124074298750"
"305090","마이크로디지탈","KOSDAQ","의료·정밀기기","5610","-100","-1.75","104318258550"
"098120","마이크로컨텍솔","KOSDAQ","전기·전자","37200","1050","2.90","309234895200"
"424980","마이크로투나노","KOSDAQ","전기·전자","13800","-650","-4.50","81680682000"
"038290","마크로젠","KOSDAQ","일반서비스","15700","-20","-0.13","170209980000"
"267980","매일유업","KOSDAQ","음식료·담배","35400","-400","-1.12","271292785200"
"005990","매일홀딩스","KOSDAQ","음식료·담배","11320","-30","-0.26","150536801280"
"093520","매커스","KOSDAQ","유통","26550","-1050","-3.80","376030092600"
"100590","머큐리","KOSDAQ","전기·전자","9900","1020","11.49","169681495500"
"067280","멀티캠퍼스","KOSDAQ","일반서비스","27450","-50","-0.18","162690083550"
"072870","메가스터디","KOSDAQ","오락·문화","13240","130","0.99","157833497160"
"215200","메가스터디교육","KOSDAQ","일반서비스","44700","-150","-0.33","463325155200"
"133750","메가엠디","KOSDAQ","일반서비스","1815","-15","-0.82","42483844755"
"446540","메가터치","KOSDAQ","전기·전자","7220","-510","-6.60","187458267780"
"235980","메드팩토","KOSDAQ","일반서비스","4990","-60","-1.19","171032853790"
"041920","메디아나","KOSDAQ","의료·정밀기기","19810","-290","-1.44","368430797630"
"014100","메디앙스","KOSDAQ","유통","1725","-5","-0.29","20355000000"
"054180","메디콕스","KOSDAQ","운송장비·부품","2295","0","0.00","12686716395"
"086900","메디톡스","KOSDAQ","제약","103100","600","0.59","752475040700"
"078160","메디포스트","KOSDAQ","제약","26400","-250","-0.94","1035001519200"
"0088D0","메리츠제1호스팩","KOSDAQ","금융","2185","0","0.00","12662075000"
"408920","메쎄이상","KOSDAQ","일반서비스","3575","65","1.85","154556026625"
"021880","메이슨캐피탈","KOSDAQ","금융","164","-12","-6.82","34798242912"
"0088M0","메쥬","KOSDAQ","의료·정밀기기","33750","-2100","-5.86","333509062500"
"140410","메지온","KOSDAQ","일반서비스","86400","-400","-0.46","2625883228800"
"241770","메카로","KOSDAQ","전기·전자","37100","-200","-0.54","378146944000"
"059210","메타바이오메드","KOSDAQ","제약","4205","-45","-1.06","114255926225"
"058110","멕아이씨에스","KOSDAQ","의료·정밀기기","2610","55","2.15","41891883300"
"072770","멤레이비티","KOSDAQ","IT 서비스","707","0","0.00","58698106572"
"434480","모니터랩","KOSDAQ","IT 서비스","4555","290","6.80","56073416500"
"080420","모다이노칩","KOSDAQ","유통","1955","-28","-1.41","155855771010"
"417970","모델솔루션","KOSDAQ","기계·장비","18570","-310","-1.64","118786719000"
"080160","모두투어","KOSDAQ","일반서비스","11200","230","2.10","211680000000"
"087260","모바일어플라이언스","KOSDAQ","IT 서비스","2270","-95","-4.02","73894994470"
"101330","모베이스","KOSDAQ","전기·전자","4660","25","0.54","107865155140"
"012860","모베이스전자","KOSDAQ","운송장비·부품","3910","-35","-0.89","286342816870"
"363260","모비데이즈","KOSDAQ","일반서비스","1449","-29","-1.96","46605301281"
"348030","모비릭스","KOSDAQ","IT 서비스","2305","-15","-0.65","22136759000"
"250060","모비스","KOSDAQ","IT 서비스","5120","220","4.49","164717127680"
"288980","모아데이타","KOSDAQ","IT 서비스","1080","-70","-6.09","39291889320"
"142760","모아라이프플러스","KOSDAQ","일반서비스","784","-12","-1.51","33058912320"
"033200","모아텍","KOSDAQ","전기·전자","3900","35","0.91","55891621500"
"118990","모트렉스","KOSDAQ","운송장비·부품","9040","-20","-0.22","221817833840"
"463480","모티브링크","KOSDAQ","전기·전자","8380","-360","-4.12","103831200040"
"006920","모헨즈","KOSDAQ","비금속","4625","-45","-0.96","50505000000"
"001810","무림SP","KOSDAQ","종이·목재","1609","-53","-3.19","35619237500"
"279600","미디어젠","KOSDAQ","IT 서비스","4980","-570","-10.27","23330209380"
"095500","미래나노텍","KOSDAQ","화학","10970","-220","-1.97","340179689030"
"254490","미래반도체","KOSDAQ","유통","29400","-200","-0.68","424477200000"
"218150","미래생명자원","KOSDAQ","음식료·담배","2970","-130","-4.19","60634931940"
"100790","미래에셋벤처투자","KOSDAQ","금융","53600","-1700","-3.07","2847480382400"
"0097F0","미래에셋비전스팩10호","KOSDAQ","금융","1997","0","0.00","12980500000"
"0099W0","미래에셋비전스팩11호","KOSDAQ","금융","2000","4","0.20","14000000000"
"477380","미래에셋비전스팩4호","KOSDAQ","금융","2060","0","0.00","16686000000"
"477470","미래에셋비전스팩5호","KOSDAQ","금융","2105","5","0.24","11535400000"
"478440","미래에셋비전스팩6호","KOSDAQ","금융","2045","0","0.00","14171850000"
"482680","미래에셋비전스팩7호","KOSDAQ","금융","2050","5","0.24","16840750000"
"0093G0","미래에셋비전스팩8호","KOSDAQ","금융","1996","0","0.00","12774400000"
"0096D0","미래에셋비전스팩9호","KOSDAQ","금융","2000","1","0.05","11000000000"
"049950","미래컴퍼니","KOSDAQ","기계·장비","16250","-620","-3.68","143290615000"
"207760","미스터블루","KOSDAQ","IT 서비스","974","-13","-1.32","80919708642"
"059090","미코","KOSDAQ","전기·전자","24850","-3050","-10.93","830406933300"
"201490","미투온","KOSDAQ","IT 서비스","3135","-235","-6.97","102181594350"
"475460","미트박스","KOSDAQ","IT 서비스","8160","40","0.49","45802284000"
"452200","민테크","KOSDAQ","의료·정밀기기","2655","-50","-1.85","64338084000"
"206640","바디텍메드","KOSDAQ","제약","11230","0","0.00","246025952830"
"018700","바른손","KOSDAQ","유통","561","0","0.00","19702183677"
"035620","바른손이앤에이","KOSDAQ","오락·문화","940","-10","-1.05","17493322920"
"053030","바이넥스","KOSDAQ","제약","10660","-120","-1.11","348413444080"
"301300","바이브컴퍼니","KOSDAQ","IT 서비스","2500","-145","-5.48","32886780000"
"064550","바이오니아","KOSDAQ","제약","9930","-100","-1.00","256296189630"
"314930","바이오다인","KOSDAQ","의료·정밀기기","11380","220","1.97","338715492140"
"489460","바이오비쥬","KOSDAQ","화학","7750","-220","-2.76","116594332500"
"086820","바이오솔루션","KOSDAQ","제약","10570","-290","-2.67","274017578450"
"038460","바이오스마트","KOSDAQ","전기·전자","4085","-220","-5.11","103246504070"
"251120","바이오에프디엔씨","KOSDAQ","제약","13350","-80","-0.60","116087595000"
"199730","바이오인프라","KOSDAQ","일반서비스","3830","-175","-4.37","18630525610"
"086040","바이오톡스텍","KOSDAQ","일반서비스","3165","20","0.64","50507851755"
"188040","바이오포트","KOSDAQ","음식료·담배","6070","-230","-3.65","28403399560"
"099430","바이오플러스","KOSDAQ","제약","5640","-120","-2.08","347653672080"
"032980","바이온","KOSDAQ","유통","604","0","0.00","18354952980"
"308080","바이젠셀","KOSDAQ","일반서비스","10520","-20","-0.19","215652215200"
"043150","바텍","KOSDAQ","의료·정밀기기","22300","-500","-2.19","331249908800"
"323990","박셀바이오","KOSDAQ","일반서비스","7020","-40","-0.57","163266561900"
"267790","배럴","KOSDAQ","섬유·의류","3490","-30","-0.85","26835688410"
"046310","백금T&A","KOSDAQ","전기·전자","3070","-80","-2.54","50405227870"
"331520","밸로프","KOSDAQ","IT 서비스","2600","25","0.97","26449482800"
"199480","뱅크웨어글로벌","KOSDAQ","IT 서비스","4810","-210","-4.18","49045588280"
"438700","버넥트","KOSDAQ","IT 서비스","3135","-110","-3.39","34939230150"
"066410","버킷스튜디오","KOSDAQ","통신","1153","0","0.00","159637252154"
"382900","범한퓨얼셀","KOSDAQ","전기·전자","36050","-4650","-11.43","315834050000"
"206400","베노티앤알","KOSDAQ","건설","1223","-26","-2.08","45874923234"
"019010","베뉴지","KOSDAQ","유통","5240","-250","-4.55","252568000000"
"177350","베셀","KOSDAQ","화학","1001","-13","-1.28","19673420767"
"457600","벡트","KOSDAQ","전기·전자","2205","-70","-3.08","30225037500"
"424760","벨로크","KOSDAQ","IT 서비스","1887","0","0.00","37321684179"
"250000","보라티알","KOSDAQ","유통","7500","-80","-1.06","50630497500"
"310210","보로노이","KOSDAQ","일반서비스","295000","12000","4.24","5428640445000"
"006910","보성파워텍","KOSDAQ","금속","15600","-230","-1.45","766425254400"
"0010F0","보원케미칼","KOSDAQ","화학","5520","-480","-8.00","61512677520"
"226340","본느","KOSDAQ","화학","647","0","0.00","27143215740"
"014470","부방","KOSDAQ","부동산","1373","-7","-0.51","82451752980"
"008470","부스타","KOSDAQ","금속","3760","-30","-0.79","31602048000"
"338220","뷰노","KOSDAQ","IT 서비스","13180","-590","-4.28","184544027140"
"100120","뷰웍스","KOSDAQ","의료·정밀기기","30900","1100","3.69","277216599900"
"406820","뷰티스킨","KOSDAQ","화학","2660","-180","-6.34","37602177620"
"099390","브레인즈컴퍼니","KOSDAQ","IT 서비스","4380","-25","-0.57","35952279540"
"064480","브리지텍","KOSDAQ","IT 서비스","4195","-115","-2.67","50140737500"
"365900","브이씨","KOSDAQ","기타제조","2960","-150","-4.82","21638488000"
"089970","브이엠","KOSDAQ","기계·장비","58500","1700","2.99","1449161707500"
"251630","브이원텍","KOSDAQ","기계·장비","5890","-190","-3.13","93903598540"
"018290","브이티","KOSDAQ","화학","16170","-240","-1.46","565009520460"
"478560","블랙야크아이앤씨","KOSDAQ","섬유·의류","3380","25","0.75","87306407240"
"439580","블루엠텍","KOSDAQ","유통","3015","-95","-3.05","102047339205"
"033560","블루콤","KOSDAQ","전기·전자","3390","10","0.30","57969000000"
"369370","블리츠웨이엔터테인먼트","KOSDAQ","오락·문화","1130","-14","-1.22","56355259430"
"126340","비나텍","KOSDAQ","전기·전자","189800","-3800","-1.96","1355841614400"
"121800","비덴트","KOSDAQ","전기·전자","3320","0","0.00","256309348520"
"082800","비보존 제약","KOSDAQ","제약","3100","10","0.32","188230964600"
"318410","비비씨","KOSDAQ","화학","7290","70","0.97","40497721470"
"419540","비스토스","KOSDAQ","의료·정밀기기","877","0","0.00","20164432147"
"146320","비씨엔씨","KOSDAQ","전기·전자","18150","80","0.44","232282302450"
"200780","비씨월드제약","KOSDAQ","제약","4435","65","1.49","47302206535"
"413640","비아이매트릭스","KOSDAQ","IT 서비스","8260","-200","-2.36","59529324400"
"141000","비아트론","KOSDAQ","기계·장비","12200","100","0.83","147799462000"
"083650","비에이치아이","KOSDAQ","기계·장비","100300","1500","1.52","3103720812500"
"0068Y0","비엔케이제3호스팩","KOSDAQ","금융","2000","-10","-0.50","8620000000"
"065170","비엘팜텍","KOSDAQ","유통","2190","-45","-2.01","61131206670"
"086670","비엠티","KOSDAQ","기계·장비","17260","-340","-1.93","171320775100"
"230980","비유테크놀러지","KOSDAQ","IT 서비스","229","0","0.00","21370407553"
"488900","비츠로넥스텍","KOSDAQ","운송장비·부품","18720","-540","-2.80","542439012960"
"082920","비츠로셀","KOSDAQ","전기·전자","59000","2000","3.51","2675029143000"
"054220","비츠로시스","KOSDAQ","전기·전자","548","0","0.00","33950288388"
"042370","비츠로테크","KOSDAQ","금융","19530","-520","-2.59","511686488250"
"050090","비케이홀딩스","KOSDAQ","일반서비스","742","-7","-0.93","14680273370"
"148780","비큐AI","KOSDAQ","IT 서비스","1165","-35","-2.92","36634269625"
"307870","비투엔","KOSDAQ","IT 서비스","1000","-116","-10.39","74299285000"
"377030","비트맥스","KOSDAQ","IT 서비스","3190","-105","-3.19","34115008400"
"032850","비트컴퓨터","KOSDAQ","IT 서비스","5200","-70","-1.33","86441123600"
"049470","비트플래닛","KOSDAQ","IT 서비스","672","0","0.00","79110862656"
"238200","비피도","KOSDAQ","음식료·담배","2800","0","0.00","22904000000"
"093190","빅솔론","KOSDAQ","전기·전자","8110","140","1.76","156027519550"
"065450","빅텍","KOSDAQ","의료·정밀기기","5150","-280","-5.16","151903385450"
"044480","빌리언스","KOSDAQ","오락·문화","445","0","0.00","35895358960"
"069540","빛과전자","KOSDAQ","전기·전자","5120","130","2.61","501255879680"
"072950","빛샘전자","KOSDAQ","전기·전자","17060","3930","29.93","137377526600"
"451250","삐아","KOSDAQ","화학","8480","-160","-1.85","86715436960"
"143240","사람인","KOSDAQ","IT 서비스","16630","10","0.06","178485316530"
"466410","사이냅소프트","KOSDAQ","IT 서비스","11180","-120","-1.06","56313917140"
"223310","사토시홀딩스","KOSDAQ","유통","2275","0","0.00","59202811850"
"452430","사피엔반도체","KOSDAQ","전기·전자","45500","1250","2.82","373921093000"
"419120","산돌","KOSDAQ","IT 서비스","3950","-40","-1.00","58137529900"
"122350","삼기","KOSDAQ","운송장비·부품","1427","-46","-3.12","54710363756"
"419050","삼기에너지솔루션즈","KOSDAQ","운송장비·부품","1834","-24","-1.29","104897904160"
"014970","삼륭물산","KOSDAQ","종이·목재","6760","-120","-1.74","100217000000"
"018310","삼목에스폼","KOSDAQ","금속","18180","-230","-1.25","267246000000"
"012210","삼미금속","KOSDAQ","금속","14690","-240","-1.61","326000656280"
"053700","삼보모터스","KOSDAQ","운송장비·부품","5560","-120","-2.11","141118087560"
"009620","삼보산업","KOSDAQ","금속","930","-18","-1.90","15239064630"
"023600","삼보판지","KOSDAQ","종이·목재","9830","-10","-0.10","157361589000"
"0044K0","삼성스팩10호","KOSDAQ","금융","2015","0","0.00","15152800000"
"0071M0","삼성스팩11호","KOSDAQ","금융","2010","-10","-0.50","11577600000"
"0096B0","삼성스팩12호","KOSDAQ","금융","2010","0","0.00","13225800000"
"0115H0","삼성스팩13호","KOSDAQ","금융","2015","5","0.25","14810250000"
"009300","삼아제약","KOSDAQ","제약","16240","-170","-1.04","103448800000"
"482630","삼양엔씨켐","KOSDAQ","화학","18920","-680","-3.47","414126257600"
"484590","삼양컴텍","KOSDAQ","금속","11890","-790","-6.23","489992250500"
"036670","삼양케이씨아이","KOSDAQ","화학","5950","-80","-1.33","67056500000"
"361670","삼영에스앤씨","KOSDAQ","전기·전자","3195","-70","-2.14","18108167310"
"054540","삼영엠텍","KOSDAQ","금속","12900","-70","-0.54","167700000000"
"065570","삼영이엔씨","KOSDAQ","전기·전자","764","0","0.00","12295692232"
"014950","삼익제약","KOSDAQ","제약","8470","-500","-5.57","84764270360"
"032280","삼일","KOSDAQ","운송·창고","1384","-2","-0.14","22439608560"
"002290","삼일기업공사","KOSDAQ","건설","4085","-20","-0.49","50654000000"
"037460","삼지전자","KOSDAQ","전기·전자","36750","-1000","-2.65","599705683500"
"032750","삼진","KOSDAQ","전기·전자","3505","-5","-0.14","31654082610"
"0013V0","삼진식품","KOSDAQ","음식료·담배","6940","-180","-2.53","68835472640"
"054090","삼진엘앤디","KOSDAQ","기타제조","1125","1","0.09","28079136000"
"000250","삼천당제약","KOSDAQ","제약","399500","-6500","-1.60","9371260064000"
"024950","삼천리자전거","KOSDAQ","유통","4800","-155","-3.13","63713169600"
"038500","삼표시멘트","KOSDAQ","비금속","15050","-580","-3.71","1624140405300"
"437730","삼현","KOSDAQ","운송장비·부품","51300","-100","-0.19","1626598187100"
"017480","삼현철강","KOSDAQ","금속","4935","-15","-0.30","77493762150"
"046390","삼화네트웍스","KOSDAQ","오락·문화","991","0","0.00","42784376603"
"027580","상보","KOSDAQ","화학","598","0","0.00","35390404842"
"038540","상상인","KOSDAQ","IT 서비스","2185","-15","-0.68","120892363905"
"091580","상신이디피","KOSDAQ","전기·전자","27300","100","0.37","363860378700"
"263810","상신전자","KOSDAQ","전기·전자","3005","-70","-2.28","47854099125"
"089980","상아프론테크","KOSDAQ","화학","27000","-1100","-3.91","431703999000"
"042940","상지건설","KOSDAQ","건설","11190","1130","11.23","76413287280"
"042600","새로닉스","KOSDAQ","전기·전자","21300","-200","-0.93","264622126200"
"107600","새빗켐","KOSDAQ","화학","30300","-1200","-3.81","170920906200"
"411080","샌즈랩","KOSDAQ","IT 서비스","8080","-170","-2.06","123362515040"
"252990","샘씨엔에스","KOSDAQ","전기·전자","13980","-180","-1.27","841846088220"
"378800","샤페론","KOSDAQ","제약","1850","-16","-0.86","85549607350"
"294630","서남","KOSDAQ","전기·전자","4325","-100","-2.26","114034329675"
"038070","서린바이오","KOSDAQ","유통","6160","-10","-0.16","57292164160"
"006730","서부T&D","KOSDAQ","일반서비스","14290","-80","-0.56","927805729670"
"079650","서산","KOSDAQ","비금속","1474","153","11.58","29480000000"
"100660","서암기계공업","KOSDAQ","기계·장비","4545","115","2.60","57267000000"
"019770","서연탑메탈","KOSDAQ","기계·장비","4220","125","3.05","49163000000"
"092190","서울바이오시스","KOSDAQ","전기·전자","12110","0","0.00","555466118130"
"046890","서울반도체","KOSDAQ","전기·전자","16620","-80","-0.48","969035748000"
"063170","서울옥션","KOSDAQ","유통","6900","-120","-1.71","122642442300"
"027040","서울전자통신","KOSDAQ","전기·전자","480","0","0.00","33402646560"
"018680","서울제약","KOSDAQ","제약","2730","-55","-1.97","31829940870"
"036120","서울평가정보","KOSDAQ","IT 서비스","1917","2","0.10","67372965000"
"093920","서원인텍","KOSDAQ","전기·전자","5140","-40","-0.77","95604000000"
"189860","서전기전","KOSDAQ","전기·전자","9750","-1550","-13.72","94563105000"
"178320","서진시스템","KOSDAQ","전기·전자","68100","8600","14.45","4054131174900"
"122690","서진오토모티브","KOSDAQ","운송장비·부품","2180","-15","-0.68","50312581880"
"140070","서플러스글로벌","KOSDAQ","유통","2590","-35","-1.33","95798920000"
"011370","서한","KOSDAQ","건설","1075","19","1.80","108461979875"
"065710","서호전기","KOSDAQ","전기·전자","45500","600","1.34","234325000000"
"035890","서희건설","KOSDAQ","건설","2705","30","1.12","621631876185"
"357550","석경에이티","KOSDAQ","화학","59300","100","0.17","323481500000"
"003100","선광","KOSDAQ","운송·창고","27900","-750","-2.62","184140000000"
"067370","선바이오","KOSDAQ","제약","7450","200","2.76","90841984750"
"217620","선샤인푸드","KOSDAQ","일반서비스","5","-18","-78.26","35175435"
"171090","선익시스템","KOSDAQ","기계·장비","90700","-2100","-2.26","916308178200"
"086710","선진뷰티사이언스","KOSDAQ","화학","10170","-320","-3.05","124107357600"
"014620","성광벤드","KOSDAQ","금속","46950","1600","3.53","1246868239800"
"037350","성도이엔지","KOSDAQ","일반서비스","12380","-700","-5.35","188299800000"
"458650","성우","KOSDAQ","전기·전자","13860","-420","-2.94","208532986200"
"081580","성우전자","KOSDAQ","전기·전자","3035","-35","-1.14","47067214005"
"045300","성우테크론","KOSDAQ","전기·전자","3265","10","0.31","34435994180"
"015750","성우하이텍","KOSDAQ","운송장비·부품","8920","30","0.34","713600000000"
"365340","성일하이텍","KOSDAQ","화학","77700","500","0.65","953588867700"
"080470","성창오토텍","KOSDAQ","운송장비·부품","4075","-35","-0.85","29747500000"
"043260","성호전자","KOSDAQ","전기·전자","41800","1200","2.96","2964574001400"
"148150","세경하이테크","KOSDAQ","전기·전자","4660","-95","-2.00","165629531880"
"061090","세나테크놀로지","KOSDAQ","전기·전자","39950","-700","-1.72","223145678800"
"188260","세니젠","KOSDAQ","기타제조","2105","95","4.73","15215929350"
"053060","세동","KOSDAQ","운송장비·부품","1463","160","12.28","25832803997"
"340440","세림B&G","KOSDAQ","화학","1900","-235","-11.01","53918891600"
"017510","세명전기","KOSDAQ","금속","16250","480","3.04","247747500000"
"490470","세미파이브","KOSDAQ","일반서비스","42750","-2850","-6.25","1447463700000"
"011560","세보엠이씨","KOSDAQ","건설","22250","300","1.37","230287500000"
"396300","세아메카닉스","KOSDAQ","금속","6470","-30","-0.46","171387065000"
"100700","세운메디칼","KOSDAQ","제약","2660","-50","-1.85","116508000000"
"024830","세원물산","KOSDAQ","운송장비·부품","10930","-20","-0.18","91265500000"
"258830","세종메디칼","KOSDAQ","의료·정밀기기","412","0","0.00","31223976612"
"036630","세종텔레콤","KOSDAQ","건설","9430","-220","-2.28","94300000000"
"039310","세중","KOSDAQ","IT 서비스","1525","-55","-3.48","27635542175"
"067770","세진티에스","KOSDAQ","전기·전자","2270","-70","-2.99","19060266110"
"053450","세코닉스","KOSDAQ","의료·정밀기기","5400","-90","-1.64","79881136200"
"252500","세화피앤씨","KOSDAQ","화학","823","-5","-0.60","34143298970"
"321370","센서뷰","KOSDAQ","전기·전자","3185","-215","-6.32","164552725610"
"347000","센코","KOSDAQ","의료·정밀기기","2430","-70","-2.80","91880355780"
"331920","셀레믹스","KOSDAQ","제약","14270","-330","-2.26","116502391960"
"352770","셀레스트라","KOSDAQ","일반서비스","5250","0","0.00","13610136750"
"471820","셀로맥스사이언스","KOSDAQ","음식료·담배","4935","-155","-3.05","55779707865"
"049180","셀루메드","KOSDAQ","제약","1009","0","0.00","83948814126"
"299660","셀리드","KOSDAQ","일반서비스","3110","-5","-0.16","91754258470"
"108860","셀바스AI","KOSDAQ","IT 서비스","12850","140","1.10","345855051500"
"208370","셀바스헬스케어","KOSDAQ","의료·정밀기기","4130","40","0.98","106308529320"
"318160","셀바이오휴먼텍","KOSDAQ","섬유·의류","7850","110","1.42","73328427850"
"308430","셀비온","KOSDAQ","제약","30200","-550","-1.79","387511602000"
"068760","셀트리온제약","KOSDAQ","제약","54900","200","0.37","2437688026800"
"068940","셀피글로벌","KOSDAQ","전기·전자","778","0","0.00","35720093048"
"007720","소노스퀘어","KOSDAQ","유통","400","-15","-3.61","40320180000"
"290690","소룩스","KOSDAQ","전기·전자","3325","-130","-3.76","164046336300"
"950200","소마젠","KOSDAQ","일반서비스","3465","30","0.87","66652923645"
"032680","소프트센","KOSDAQ","IT 서비스","268","0","0.00","28298324752"
"032685","소프트센우","KOSDAQ","IT 서비스","6270","0","0.00","2239280340"
"258790","소프트캠프","KOSDAQ","IT 서비스","1718","0","0.00","42935025912"
"066910","손오공","KOSDAQ","유통","680","0","0.00","45514551520"
"215090","솔디펜스","KOSDAQ","의료·정밀기기","2710","-165","-5.74","62751841310"
"035610","솔본","KOSDAQ","일반서비스","3695","-55","-1.47","101043458915"
"357780","솔브레인","KOSDAQ","화학","476000","10000","2.15","3702597416000"
"036830","솔브레인홀딩스","KOSDAQ","일반서비스","69100","-2100","-2.95","1416825087100"
"304100","솔트룩스","KOSDAQ","IT 서비스","22100","-250","-1.12","278324195500"
"328380","솔트웨어","KOSDAQ","IT 서비스","885","0","0.00","30322558530"
"086980","쇼박스","KOSDAQ","오락·문화","3030","50","1.68","189793140000"
"050960","수산아이앤티","KOSDAQ","IT 서비스","9390","-10","-0.11","63391890000"
"084180","수성웹툰","KOSDAQ","기계·장비","1120","-36","-3.11","20243196960"
"253840","수젠텍","KOSDAQ","제약","5530","110","2.03","92589896000"
"298830","슈어소프트테크","KOSDAQ","IT 서비스","7560","-100","-1.31","404146252440"
"236200","슈프리마","KOSDAQ","전기·전자","53100","-200","-0.38","370335914100"
"094840","슈프리마에이치큐","KOSDAQ","전기·전자","12660","760","6.39","124145339940"
"192440","슈피겐코리아","KOSDAQ","기타제조","26250","-450","-1.69","163179528750"
"424960","스마트레이더시스템","KOSDAQ","의료·정밀기기","6830","-300","-4.21","112593301300"
"099440","스맥","KOSDAQ","기계·장비","3985","-15","-0.38","271949925090"
"066590","스모트로닉","KOSDAQ","운송장비·부품","2600","-50","-1.89","100562636200"
"276040","스코넥","KOSDAQ","IT 서비스","327","0","0.00","7073119545"
"060240","스타코링크","KOSDAQ","운송장비·부품","1976","0","0.00","11502414560"
"115570","스타플렉스","KOSDAQ","화학","2955","-90","-2.96","23594221140"
"078860","스테이지원엔터","KOSDAQ","오락·문화","5180","1190","29.82","30749645500"
"330730","스톤브릿지벤처스","KOSDAQ","금융","6340","-260","-3.94","115501042200"
"352090","스톰테크","KOSDAQ","화학","3740","0","0.00","100505012520"
"253450","스튜디오드래곤","KOSDAQ","오락·문화","33800","-150","-0.44","1015977232400"
"408900","스튜디오미르","KOSDAQ","오락·문화","2735","-65","-2.32","89579260815"
"415380","스튜디오삼익","KOSDAQ","유통","2130","-20","-0.93","24373536750"
"013810","스페코","KOSDAQ","기계·장비","2745","-5","-0.18","40229265150"
"347700","스피어","KOSDAQ","IT 서비스","40550","-1750","-4.14","2031119006400"
"049830","승일","KOSDAQ","금속","7400","-50","-0.67","45377628800"
"020710","시공테크","KOSDAQ","일반서비스","4845","70","1.47","97132414650"
"033170","시그네틱스","KOSDAQ","전기·전자","866","-23","-2.59","74240724254"
"048870","시너지이노베이션","KOSDAQ","의료·정밀기기","2020","-25","-1.22","177976065260"
"025320","시노펙스","KOSDAQ","전기·전자","5750","-120","-2.04","529888392250"
"340810","시선AI","KOSDAQ","IT 서비스","3105","-105","-3.27","42367650480"
"269620","시스웍","KOSDAQ","의료·정밀기기","889","0","0.00","132090012299"
"056090","시지메드텍","KOSDAQ","의료·정밀기기","1774","-14","-0.78","183181529864"
"429270","시지트로닉스","KOSDAQ","전기·전자","7940","-750","-8.63","51206894140"
"418250","시큐레터","KOSDAQ","IT 서비스","6550","0","0.00","47629012750"
"131090","시큐브","KOSDAQ","IT 서비스","4065","-75","-1.81","31130668365"
"290520","신도기연","KOSDAQ","기계·장비","3015","-15","-0.50","48027026430"
"001000","신라섬유","KOSDAQ","부동산","1539","33","2.19","37363134060"
"025870","신라에스지","KOSDAQ","유통","4245","-75","-1.74","16980000000"
"215600","신라젠","KOSDAQ","일반서비스","3365","40","1.20","466232742860"
"065350","신성델타테크","KOSDAQ","전기·전자","55000","-1700","-3.00","1511617140000"
"416180","신성에스티","KOSDAQ","운송장비·부품","37600","-500","-1.31","339895652800"
"162300","신스틸","KOSDAQ","금속","1864","-49","-2.56","77302656048"
"002800","신신제약","KOSDAQ","제약","5510","-20","-0.36","83589455000"
"472220","신영스팩10호","KOSDAQ","금융","2120","-5","-0.24","9942800000"
"0091W0","신영스팩11호","KOSDAQ","금융","2070","-10","-0.48","12560760000"
"017000","신원종합개발","KOSDAQ","건설","3035","65","2.19","35412461945"
"012790","신일제약","KOSDAQ","제약","6050","10","0.17","72517810750"
"138070","신진에스엠","KOSDAQ","금속","1824","-16","-0.87","31925844096"
"226330","신테카바이오","KOSDAQ","IT 서비스","2820","-130","-4.41","68408899500"
"474660","신한제12호스팩","KOSDAQ","금융","2055","5","0.24","11343600000"
"474930","신한제13호스팩","KOSDAQ","금융","2115","-5","-0.24","7656300000"
"487360","신한제14호스팩","KOSDAQ","금융","2030","0","0.00","11449200000"
"487830","신한제15호스팩","KOSDAQ","금융","2040","-10","-0.49","8874000000"
"496070","신한제16호스팩","KOSDAQ","금융","2015","0","0.00","11324300000"
"0130D0","신한제17호스팩","KOSDAQ","금융","1995","-5","-0.25","10653300000"
"0129K0","신한제18호스팩","KOSDAQ","금융","1994","-3","-0.15","11206280000"
"056700","신화인터텍","KOSDAQ","화학","1870","-18","-0.95","54482620170"
"187270","신화콘텍","KOSDAQ","전기·전자","3760","-85","-2.21","38140857200"
"095190","신화프리텍","KOSDAQ","금속","2385","-70","-2.85","155646201870"
"243840","신흥에스이씨","KOSDAQ","전기·전자","10110","-110","-1.08","389823755850"
"257720","실리콘투","KOSDAQ","유통","44800","1350","3.11","2740501478400"
"222800","심텍","KOSDAQ","전기·전자","106500","12700","13.54","3976946217000"
"036710","심텍홀딩스","KOSDAQ","일반서비스","4180","150","3.72","220820011720"
"444530","심플랫폼","KOSDAQ","IT 서비스","9830","-130","-1.31","63095270520"
"234030","싸이닉솔루션","KOSDAQ","전기·전자","7060","-390","-5.23","166651300000"
"160980","싸이맥스","KOSDAQ","기계·장비","38300","-550","-1.42","418398506900"
"356890","싸이버원","KOSDAQ","IT 서비스","3805","-35","-0.91","45484304125"
"217330","싸이토젠","KOSDAQ","일반서비스","6210","-460","-6.90","143634486870"
"208640","썸에이지","KOSDAQ","IT 서비스","181","-7","-3.72","25202485974"
"222420","쎄노텍","KOSDAQ","비금속","1618","-29","-1.76","78283053272"
"037760","쎄니트","KOSDAQ","금속","2300","5","0.22","77815718300"
"081180","쎄크","KOSDAQ","기계·장비","13290","-990","-6.93","117291360150"
"099320","쎄트렉아이","KOSDAQ","운송장비·부품","168100","-4900","-2.83","1840909831800"
"049960","쎌바이오텍","KOSDAQ","제약","15860","160","1.02","149084000000"
"088280","쏘닉스","KOSDAQ","전기·전자","6970","-580","-7.68","120626235300"
"050890","쏠리드","KOSDAQ","전기·전자","18850","410","2.22","1145260665900"
"394800","쓰리빌리언","KOSDAQ","일반서비스","11770","-510","-4.15","373832572520"
"177900","쓰리에이로직스","KOSDAQ","전기·전자","7440","-280","-3.63","71629344000"
"475400","씨메스로보틱스","KOSDAQ","기계·장비","33600","-1400","-4.00","395003683200"
"109670","씨싸이트","KOSDAQ","섬유·의류","4835","-100","-2.03","28219970670"
"066790","씨씨에스","KOSDAQ","오락·문화","1493","0","0.00","97271994227"
"222080","씨아이에스","KOSDAQ","기계·장비","16300","-590","-3.49","1267816347200"
"352480","씨앤씨인터내셔널","KOSDAQ","화학","26650","-800","-2.91","363236861650"
"264660","씨앤지하이테크","KOSDAQ","기계·장비","23400","-1650","-6.59","227475424800"
"352700","씨앤투스","KOSDAQ","화학","2020","10","0.50","53079335980"
"458870","씨어스","KOSDAQ","의료·정밀기기","43150","-2250","-4.96","1642277781000"
"297090","씨에스베어링","KOSDAQ","기계·장비","7770","-590","-7.06","211887900000"
"900120","씨엑스아이","KOSDAQ","금융","397","-3","-0.75","14827276291"
"359090","씨엔알리서치","KOSDAQ","일반서비스","715","-29","-3.90","41091562655"
"115530","씨엔플러스","KOSDAQ","전기·전자","336","0","0.00","26491522848"
"388210","씨엠티엑스","KOSDAQ","전기·전자","131700","-5300","-3.87","1259702334600"
"115480","씨유메디칼","KOSDAQ","의료·정밀기기","548","0","0.00","33222257784"
"376290","씨유테크","KOSDAQ","전기·전자","2830","-105","-3.58","49970725000"
"189330","씨이랩","KOSDAQ","IT 서비스","7110","-150","-2.07","66708039240"
"096530","씨젠","KOSDAQ","제약","24000","50","0.21","1253423856000"
"101240","씨큐브","KOSDAQ","화학","4010","-100","-2.43","45541778520"
"060590","씨티씨바이오","KOSDAQ","제약","3675","5","0.14","88865248500"
"260930","씨티케이","KOSDAQ","화학","3625","-65","-1.76","70113267375"
"413630","씨피시스템","KOSDAQ","화학","3690","-150","-3.91","134451149940"
"013990","아가방컴퍼니","KOSDAQ","유통","4880","-70","-1.41","160491175680"
"123860","아나패스","KOSDAQ","전기·전자","17400","-400","-2.25","210947421000"
"025980","아난티","KOSDAQ","일반서비스","7580","130","1.74","737541504200"
"0015N0","아로마티카","KOSDAQ","화학","9640","-70","-0.72","122573082000"
"125210","아모그린텍","KOSDAQ","전기·전자","15100","-50","-0.33","249101529000"
"357580","아모센스","KOSDAQ","전기·전자","19660","-2140","-9.82","230367367220"
"052710","아모텍","KOSDAQ","전기·전자","21500","-1300","-5.70","314224843500"
"074430","아미노로직스","KOSDAQ","제약","1313","-2","-0.15","115316646172"
"092040","아미코젠","KOSDAQ","음식료·담배","1705","13","0.77","120467434835"
"083930","아바코","KOSDAQ","기계·장비","15610","-250","-1.58","229111856890"
"149950","아바텍","KOSDAQ","전기·전자","13130","-610","-4.44","179456940390"
"036010","아비코전자","KOSDAQ","전기·전자","12130","-760","-5.90","161243289420"
"050860","아세아텍","KOSDAQ","기계·장비","2125","-5","-0.23","47812500000"
"136410","아셈스","KOSDAQ","화학","7130","20","0.28","78566225780"
"246720","아스타","KOSDAQ","제약","6070","0","0.00","99434491000"
"450950","아스테라시스","KOSDAQ","의료·정밀기기","10750","-250","-2.27","404496614000"
"067390","아스트","KOSDAQ","운송장비·부품","739","-7","-0.94","302367450881"
"159010","아스플로","KOSDAQ","기계·장비","13800","2100","17.95","184019398200"
"127710","아시아경제","KOSDAQ","IT 서비스","1520","40","2.70","66954799200"
"154030","아시아종묘","KOSDAQ","농업, 임업 및 어업","1983","-13","-0.65","23918682261"
"227610","아우딘퓨쳐스","KOSDAQ","화학","794","0","0.00","30209513324"
"331740","아우토크립트","KOSDAQ","IT 서비스","14250","-140","-0.97","138933096750"
"143160","아이디스","KOSDAQ","전기·전자","17250","-50","-0.29","184857727500"
"054800","아이디스홀딩스","KOSDAQ","일반서비스","15500","-430","-2.70","160390218000"
"332370","아이디피","KOSDAQ","전기·전자","5200","-70","-1.33","69023375200"
"066430","아이로보틱스","KOSDAQ","유통","2125","45","2.16","83201136500"
"339950","아이비김영","KOSDAQ","일반서비스","2680","20","0.75","120457035400"
"469750","아이비젼웍스","KOSDAQ","기계·장비","1300","-78","-5.66","44793425300"
"460470","아이빔테크놀로지","KOSDAQ","의료·정밀기기","4080","-70","-1.69","61687029600"
"099190","아이센스","KOSDAQ","의료·정밀기기","21150","-150","-0.70","607032685350"
"461300","아이스크림미디어","KOSDAQ","IT 서비스","17460","-250","-1.41","232260480180"
"289010","아이스크림에듀","KOSDAQ","오락·문화","1563","-3","-0.19","21796435128"
"214430","아이쓰리시스템","KOSDAQ","전기·전자","97700","-5200","-5.05","713914905500"
"040910","아이씨디","KOSDAQ","기계·장비","6260","-210","-3.25","116274961500"
"368600","아이씨에이치","KOSDAQ","전기·전자","1064","-53","-4.74","27172800144"
"456010","아이씨티케이","KOSDAQ","전기·전자","23150","-450","-1.91","321827920100"
"052860","아이앤씨","KOSDAQ","전기·전자","6470","450","7.48","115572665380"
"464500","아이언디바이스","KOSDAQ","전기·전자","3615","-295","-7.54","50585645745"
"212710","아이에스티이","KOSDAQ","전기·전자","10420","-590","-5.36","100271430760"
"038880","아이에이","KOSDAQ","전기·전자","1013","-51","-4.79","38060554521"
"307180","아이엘","KOSDAQ","전기·전자","7380","-570","-7.17","256185430740"
"101390","아이엠","KOSDAQ","전기·전자","396","0","0.00","6698084184"
"493280","아이엠바이오로직스","KOSDAQ","일반서비스","44050","-1100","-2.44","652118314400"
"461030","아이엠비디엑스","KOSDAQ","일반서비스","6730","-50","-0.74","96471299410"
"451220","아이엠티","KOSDAQ","기계·장비","17150","-1040","-5.72","135049578650"
"090150","아이윈","KOSDAQ","운송장비·부품","864","-36","-4.00","36180253152"
"031310","아이즈비전","KOSDAQ","통신","1747","-62","-3.43","51967399297"
"462980","아이지넷","KOSDAQ","IT 서비스","2165","5","0.23","39477556105"
"185490","아이진","KOSDAQ","일반서비스","1321","-34","-2.51","57106544664"
"059100","아이컴포넌트","KOSDAQ","전기·전자","5310","-80","-1.48","37546266600"
"262840","아이퀘스트","KOSDAQ","IT 서비스","3470","-90","-2.53","36667323440"
"175250","아이큐어","KOSDAQ","화학","2170","0","0.00","81501658560"
"052460","아이크래프트","KOSDAQ","IT 서비스","4035","35","0.88","58943021760"
"119830","아이텍","KOSDAQ","일반서비스","7550","470","6.64","198935123650"
"052770","아이톡시","KOSDAQ","IT 서비스","312","0","0.00","4545457488"
"124500","아이티센글로벌","KOSDAQ","IT 서비스","57800","-2400","-3.99","1341221660600"
"010280","아이티센엔텍","KOSDAQ","IT 서비스","5800","-150","-2.52","75543590600"
"232830","아이티센피엔에스","KOSDAQ","IT 서비스","4650","-175","-3.63","76881825900"
"372800","아이티아이즈","KOSDAQ","IT 서비스","3985","-15","-0.38","28043198165"
"084850","아이티엠반도체","KOSDAQ","전기·전자","17800","-680","-3.68","403756225200"
"309710","아이티켐","KOSDAQ","제약","21000","0","0.00","268443021000"
"114840","아이패밀리에스씨","KOSDAQ","화학","10130","-120","-1.17","175450587000"
"027360","아주IB투자","KOSDAQ","금융","15200","-370","-2.38","1841410171200"
"032080","아즈텍WB","KOSDAQ","섬유·의류","1344","5","0.37","28883942976"
"013310","아진산업","KOSDAQ","운송장비·부품","4270","485","12.81","165704105140"
"059120","아진엑스텍","KOSDAQ","전기·전자","12560","900","7.72","229974428960"
"0007C0","아크릴","KOSDAQ","IT 서비스","36550","-2450","-6.28","293508342200"
"203690","아크솔루션스","KOSDAQ","종이·목재","4425","0","0.00","89196141000"
"158430","아톤","KOSDAQ","IT 서비스","8360","-640","-7.11","204670289120"
"200350","아티스트스튜디오","KOSDAQ","오락·문화","4980","-270","-5.14","49780204500"
"321820","아티스트컴퍼니","KOSDAQ","오락·문화","4400","-320","-6.78","68602054400"
"001540","안국약품","KOSDAQ","제약","7990","20","0.25","104208935800"
"053800","안랩","KOSDAQ","IT 서비스","64700","1400","2.21","719884938200"
"065660","안트로젠","KOSDAQ","유통","32450","-1350","-3.99","324697945000"
"297570","알로이스","KOSDAQ","전기·전자","1464","4","0.27","50685463152"
"260660","알리코제약","KOSDAQ","제약","3390","-70","-2.02","51958601190"
"354320","알멕","KOSDAQ","금속","79800","-3200","-3.86","510032203800"
"361570","알비더블유","KOSDAQ","오락·문화","1858","-59","-3.08","53405034678"
"131370","알서포트","KOSDAQ","IT 서비스","2400","-75","-3.03","127840999200"
"140670","알에스오토메이션","KOSDAQ","전기·전자","16520","-200","-1.20","212114156800"
"096610","알에프세미","KOSDAQ","전기·전자","2965","0","0.00","51550708615"
"061040","알에프텍","KOSDAQ","전기·전자","1937","0","0.00","87632039755"
"148250","알엔투테크놀로지","KOSDAQ","전기·전자","3280","-205","-5.88","41628408640"
"123010","알엔티엑스","KOSDAQ","전기·전자","1687","7","0.42","55147405810"
"476830","알지노믹스","KOSDAQ","일반서비스","161800","-5700","-3.40","2254495635600"
"347860","알체라","KOSDAQ","IT 서비스","2435","-115","-4.51","94261190035"
"196170","알테오젠","KOSDAQ","일반서비스","356500","-7000","-1.93","19084815029500"
"123750","알톤","KOSDAQ","운송장비·부품","2010","-10","-0.50","27776710590"
"459550","알트","KOSDAQ","전기·전자","2660","-80","-2.92","66680265540"
"085810","알티캐스트","KOSDAQ","IT 서비스","2175","-85","-3.76","28512523050"
"043100","알파AI","KOSDAQ","의료·정밀기기","520","0","0.00","10457241600"
"117670","알파칩스","KOSDAQ","전기·전자","19000","-1200","-5.94","126573098000"
"314140","알피바이오","KOSDAQ","제약","6150","-110","-1.76","53298120150"
"291650","압타머사이언스","KOSDAQ","일반서비스","1652","15","0.92","100836827784"
"293780","압타바이오","KOSDAQ","일반서비스","8000","-190","-2.32","224747240000"
"310200","애니플러스","KOSDAQ","오락·문화","2660","-90","-3.27","138753143760"
"179530","애드바이오텍","KOSDAQ","제약","2790","0","0.00","54906167700"
"397810","애드포러스","KOSDAQ","일반서비스","6160","-340","-5.23","31790343200"
"900100","애머릿지","KOSDAQ","유통","475","-20","-4.04","25061238450"
"0011A0","액스비스","KOSDAQ","전기·전자","25850","150","0.58","241277179000"
"052790","액토즈소프트","KOSDAQ","IT 서비스","5470","-50","-0.91","59757272090"
"290740","액트로","KOSDAQ","전기·전자","18050","700","4.03","181673448550"
"238090","앤디포스","KOSDAQ","화학","3330","155","4.88","101533165200"
"138360","앤로보틱스","KOSDAQ","기계·장비","3515","155","4.61","270625902830"
"092600","앤씨앤","KOSDAQ","전기·전자","987","0","0.00","24757431279"
"129890","앱코","KOSDAQ","전기·전자","1015","-17","-1.65","46228786030"
"174900","앱클론","KOSDAQ","제약","44650","-1400","-3.04","889674021500"
"109960","앱토크롬","KOSDAQ","유통","153","0","0.00","33780758157"
"270520","앱튼","KOSDAQ","일반서비스","228","0","0.00","44822325516"
"255440","야스","KOSDAQ","기계·장비","11420","-250","-2.14","149122360000"
"030960","양지사","KOSDAQ","출판·매체복제","6600","-70","-1.05","105468000000"
"102120","어보브반도체","KOSDAQ","전기·전자","14550","-700","-4.59","258709956150"
"238120","얼라인드","KOSDAQ","의료·정밀기기","4285","35","0.82","61613569360"
"019990","에너토크","KOSDAQ","기계·장비","10870","-150","-1.36","106048676560"
"435570","에르코스","KOSDAQ","음식료·담배","10000","-620","-5.84","76169830000"
"270660","에브리봇","KOSDAQ","전기·전자","18640","70","0.38","236552467120"
"038680","에스넷","KOSDAQ","IT 서비스","5040","225","4.67","100359715680"
"217480","에스디생명공학","KOSDAQ","화학","499","0","0.00","54756837359"
"121890","에스디시스템","KOSDAQ","전기·전자","2140","20","0.94","28443694440"
"304360","에스바이오메딕스","KOSDAQ","제약","34100","0","0.00","422332864800"
"389500","에스비비테크","KOSDAQ","기계·장비","67900","2900","4.46","451904851300"
"042110","에스씨디","KOSDAQ","전기·전자","1541","-45","-2.84","74475858124"
"065420","에스아이리소스","KOSDAQ","화학","274","-7","-2.49","19612179926"
"103230","에스앤더블류","KOSDAQ","기계·장비","3995","0","0.00","28764000000"
"260970","에스앤디","KOSDAQ","음식료·담배","53700","-800","-1.47","155340889800"
"101490","에스앤에스텍","KOSDAQ","전기·전자","91000","-2800","-2.99","1941473989000"
"095910","에스에너지","KOSDAQ","전기·전자","2285","-190","-7.68","85223437065"
"275630","에스에스알","KOSDAQ","IT 서비스","4170","70","1.71","21908379360"
"031330","에스에이엠티","KOSDAQ","유통","8060","160","2.03","805960240020"
"060540","에스에이티","KOSDAQ","의료·정밀기기","1402","62","4.63","36638895012"
"056190","에스에프에이","KOSDAQ","기계·장비","31800","-300","-0.93","1141898568000"
"0008Z0","에스엔시스","KOSDAQ","전기·전자","43000","1600","3.86","405772252000"
"246250","에스엘에스바이오","KOSDAQ","일반서비스","1969","0","0.00","30220617614"
"041510","에스엠","KOSDAQ","오락·문화","92300","100","0.11","2113179887000"
"460870","에스엠씨지","KOSDAQ","비금속","3480","-65","-1.83","69855097920"
"464080","에스오에스랩","KOSDAQ","의료·정밀기기","15950","-150","-0.93","286255367750"
"109610","에스와이","KOSDAQ","금속","3055","235","8.33","149412107000"
"365330","에스와이스틸텍","KOSDAQ","금속","3895","325","9.10","195416045000"
"306040","에스제이그룹","KOSDAQ","섬유·의류","6190","-350","-5.35","61069475320"
"398120","에스지헬스케어","KOSDAQ","의료·정밀기기","3280","-25","-0.76","38764716080"
"472230","에스케이증권제11호스팩","KOSDAQ","금융","2070","5","0.24","8600850000"
"473000","에스케이증권제12호스팩","KOSDAQ","금융","2050","-10","-0.49","6785500000"
"473950","에스케이증권제13호스팩","KOSDAQ","금융","2025","-10","-0.49","8950500000"
"475660","에스켐","KOSDAQ","화학","5140","90","1.78","40759351900"
"096630","에스코넥","KOSDAQ","전기·전자","3860","-725","-15.81","61282606780"
"069510","에스텍","KOSDAQ","전기·전자","15480","250","1.64","168886800000"
"488280","에스투더블유","KOSDAQ","IT 서비스","29000","1550","5.65","312312194000"
"234300","에스트래픽","KOSDAQ","IT 서비스","3625","-10","-0.28","98628202500"
"039440","에스티아이","KOSDAQ","기계·장비","38550","-1400","-3.50","597796661850"
"098660","에스티오","KOSDAQ","섬유·의류","1701","-46","-2.63","21264160176"
"052020","에스티큐브","KOSDAQ","유통","19000","150","0.80","1291682529000"
"237690","에스티팜","KOSDAQ","제약","153800","3800","2.53","3205795972600"
"458350","에스팀","KOSDAQ","일반서비스","8820","-190","-2.11","76585824000"
"050760","에스폴리텍","KOSDAQ","화학","1343","-30","-2.18","21937472554"
"288620","에스프리즘","KOSDAQ","전기·전자","10210","-790","-7.18","71258816360"
"443670","에스피소프트","KOSDAQ","IT 서비스","5770","10","0.17","142757831840"
"317830","에스피시스템스","KOSDAQ","기계·장비","10400","130","1.27","112047707200"
"058610","에스피지","KOSDAQ","전기·전자","124200","-3700","-2.89","2754428112000"
"043340","에쎈테크","KOSDAQ","기계·장비","549","0","0.00","52155000000"
"163280","에어레인","KOSDAQ","기계·장비","5980","-130","-2.13","81346406440"
"200710","에이디테크놀로지","KOSDAQ","전기·전자","52400","-2700","-4.90","705409166800"
"475580","에이럭스","KOSDAQ","기타제조","11670","-600","-4.89","159002583000"
"096690","에이루트","KOSDAQ","전기·전자","1337","0","0.00","32271239861"
"298380","에이비엘바이오","KOSDAQ","제약","126400","-1200","-0.94","7076815323200"
"203400","에이비온","KOSDAQ","일반서비스","2400","-55","-2.24","216243129600"
"195990","에이비프로바이오","KOSDAQ","기계·장비","1463","337","29.93","47658319324"
"003800","에이스침대","KOSDAQ","기타제조","34800","0","0.00","385932000000"
"088800","에이스테크","KOSDAQ","전기·전자","4900","75","1.55","369981526600"
"241840","에이스토리","KOSDAQ","오락·문화","4945","-40","-0.80","47175270330"
"364950","에이아이코리아","KOSDAQ","기계·장비","6800","-230","-3.27","56415826000"
"453860","에이에스텍","KOSDAQ","화학","14120","-400","-2.75","90995252760"
"312610","에이에프더블류","KOSDAQ","금속","1318","88","7.15","26698578384"
"172670","에이엘티","KOSDAQ","전기·전자","18280","-400","-2.14","163793534520"
"481070","에이유브랜즈","KOSDAQ","유통","16650","-730","-4.20","237429000000"
"060900","에이전트AI","KOSDAQ","전기·가스·수도","6270","-110","-1.72","25024027710"
"445090","에이직랜드","KOSDAQ","전기·전자","31400","0","0.00","343065661200"
"295310","에이치브이엠","KOSDAQ","금속","83100","-4000","-4.59","999467882100"
"072990","에이치시티","KOSDAQ","일반서비스","4570","-55","-1.19","66256801420"
"044990","에이치엔에스하이텍","KOSDAQ","전기·전자","20000","-250","-1.23","153708500000"
"239610","에이치엘사이언스","KOSDAQ","음식료·담배","8310","-30","-0.36","44808475650"
"036170","에이치엠넥스","KOSDAQ","전기·전자","7980","20","0.25","489697695480"
"462020","에이치엠씨제6호스팩","KOSDAQ","금융","2110","0","0.00","9167950000"
"477340","에이치엠씨제7호스팩","KOSDAQ","금융","2035","0","0.00","15282850000"
"148930","에이치와이티씨","KOSDAQ","금속","3165","10","0.32","32204549145"
"044780","에이치케이","KOSDAQ","기계·장비","1601","-8","-0.50","29627764987"
"357230","에이치피오","KOSDAQ","음식료·담배","2770","10","0.36","114382928520"
"355690","에이텀","KOSDAQ","전기·전자","5250","250","5.00","28376145000"
"071670","에이테크솔루션","KOSDAQ","기계·장비","8690","-230","-2.58","86900000000"
"045660","에이텍","KOSDAQ","기계·장비","9540","-210","-2.15","78800400000"
"224110","에이텍모빌리티","KOSDAQ","전기·전자","8910","-170","-1.87","45266239260"
"021080","에이티넘인베스트","KOSDAQ","금융","3260","-25","-0.76","156480000000"
"200470","에이팩트","KOSDAQ","전기·전자","9650","-110","-1.13","408794197450"
"262260","에이프로","KOSDAQ","전기·전자","11250","-300","-2.60","162766710000"
"397030","에이프릴바이오","KOSDAQ","일반서비스","58700","-800","-1.34","1374391586200"
"0009K0","에임드바이오","KOSDAQ","일반서비스","44200","-50","-0.11","2858465316200"
"230240","에치에프알","KOSDAQ","전기·전자","37950","2200","6.15","505076550000"
"159910","에코글로우","KOSDAQ","화학","800","0","0.00","41868388000"
"230360","에코마케팅","KOSDAQ","일반서비스","16000","0","0.00","495980128000"
"097780","에코볼트","KOSDAQ","운송장비·부품","697","-58","-7.68","35360707931"
"038870","에코심플렉스","KOSDAQ","일반서비스","2900","-35","-1.19","40643352100"
"448280","에코아이","KOSDAQ","일반서비스","12320","-400","-3.14","365055509280"
"101360","에코앤드림","KOSDAQ","전기·전자","18950","-390","-2.02","337046860300"
"128540","에코캡","KOSDAQ","운송장비·부품","1867","-42","-2.20","49831088820"
"086520","에코프로","KOSDAQ","금융","159700","-3100","-1.90","21683451474400"
"247540","에코프로비엠","KOSDAQ","전기·전자","235500","7000","3.06","23039067207000"
"383310","에코프로에이치엔","KOSDAQ","화학","31850","-800","-2.45","668051584200"
"038110","에코플라스틱","KOSDAQ","운송장비·부품","3335","-140","-4.03","137299848950"
"073540","에프알텍","KOSDAQ","전기·전자","4180","110","2.70","47652000000"
"064850","에프앤가이드","KOSDAQ","IT 서비스","31500","-1400","-4.26","359425458000"
"036810","에프에스티","KOSDAQ","전기·전자","42850","-1250","-2.83","927693458650"
"173940","에프엔씨엔터","KOSDAQ","오락·문화","4075","165","4.22","62725692600"
"083500","에프엔에스테크","KOSDAQ","기계·장비","20400","-1100","-5.12","174944728800"
"317530","에피소드컴퍼니","KOSDAQ","오락·문화","3830","-110","-2.79","67005398060"
"054940","엑사이엔씨","KOSDAQ","건설","812","-23","-2.75","26936920976"
"950130","엑세스바이오","KOSDAQ","제약","3185","-65","-2.00","120163144920"
"373110","엑셀세라퓨틱스","KOSDAQ","제약","1517","-43","-2.76","26235595698"
"205100","엑셈","KOSDAQ","IT 서비스","1920","-25","-1.29","135717932160"
"356680","엑스게이트","KOSDAQ","IT 서비스","16670","-1800","-9.75","475820011640"
"070300","엑스큐어","KOSDAQ","IT 서비스","2385","25","1.06","55587381030"
"317770","엑스페릭스","KOSDAQ","전기·전자","4000","185","4.85","145946180000"
"373200","엑스플러스","KOSDAQ","기타제조","643","0","0.00","72325014869"
"069920","엑시온그룹","KOSDAQ","유통","1885","-575","-23.37","17523942085"
"092870","엑시콘","KOSDAQ","기계·장비","38050","-2700","-6.63","496582825850"
"317870","엔바이오니아","KOSDAQ","기타제조","7610","10","0.13","67286820950"
"067570","엔브이에이치코리아","KOSDAQ","운송장비·부품","2125","15","0.71","89611250000"
"0004V0","엔비알모션","KOSDAQ","금속","21750","-7100","-24.61","226297179000"
"236810","엔비티","KOSDAQ","일반서비스","1854","-29","-1.54","31472439804"
"333620","엔시스","KOSDAQ","전기·전자","7000","10","0.14","73894408000"
"101400","엔시트론","KOSDAQ","전기·전자","392","0","0.00","27616686160"
"475230","엔알비","KOSDAQ","금속","18180","-210","-1.14","198138056940"
"451700","엔에이치스팩29호","KOSDAQ","금융","3585","25","0.70","51444750000"
"466910","엔에이치스팩30호","KOSDAQ","금융","5640","0","0.00","51324000000"
"481890","엔에이치스팩31호","KOSDAQ","금융","2110","10","0.48","13387950000"
"0054V0","엔에이치스팩32호","KOSDAQ","금융","2040","0","0.00","12681660000"
"0130H0","엔에이치스팩33호","KOSDAQ","금융","1999","-1","-0.05","15392300000"
"265740","엔에프씨","KOSDAQ","화학","6890","-160","-2.27","123080204000"
"354200","엔젠바이오","KOSDAQ","일반서비스","1135","-17","-1.48","30429066250"
"455900","엔젤로보틱스","KOSDAQ","기계·장비","28500","-650","-2.23","434543233500"
"419080","엔젯","KOSDAQ","기계·장비","5700","-730","-11.35","60905280900"
"183490","엔지켐생명과학","KOSDAQ","제약","990","0","0.00","83793832650"
"182400","엔케이젠바이오텍코리아","KOSDAQ","제약","3670","0","0.00","265496721770"
"348370","엔켐","KOSDAQ","화학","43150","-1550","-3.47","945459347950"
"069410","엔텔스","KOSDAQ","IT 서비스","4930","130","2.71","50506982320"
"227950","엔투텍","KOSDAQ","기계·장비","503","0","0.00","86788146641"
"291230","엔피","KOSDAQ","일반서비스","760","-20","-2.56","33512789000"
"048830","엔피케이","KOSDAQ","화학","1153","-1","-0.09","21588683219"
"096870","엘디티","KOSDAQ","전기·전자","2380","-40","-1.65","19868237620"
"290650","엘앤씨바이오","KOSDAQ","제약","60400","-2800","-4.43","1500762605200"
"156100","엘앤케이바이오","KOSDAQ","의료·정밀기기","6520","-190","-2.83","145729517560"
"0041J0","엘에스스팩1호","KOSDAQ","금융","2000","-10","-0.50","8220000000"
"073110","엘엠에스","KOSDAQ","전기·전자","5850","-30","-0.51","52040166750"
"083310","엘오티베큠","KOSDAQ","기계·장비","16030","-150","-0.93","285494828990"
"037950","엘컴텍","KOSDAQ","전기·전자","709","0","0.00","59873290971"
"489500","엘케이켐","KOSDAQ","화학","33450","-2600","-7.21","210000973200"
"170920","엘티씨","KOSDAQ","화학","43650","-6000","-12.08","461124099900"
"058630","엠게임","KOSDAQ","IT 서비스","5120","-40","-0.78","98317178880"
"226590","엠디바이스","KOSDAQ","전기·전자","25150","-2650","-9.53","267364217600"
"058970","엠로","KOSDAQ","IT 서비스","26700","-350","-1.29","330086599800"
"169330","엠브레인","KOSDAQ","일반서비스","2065","-35","-1.67","37824435670"
"373170","엠아이큐브솔루션","KOSDAQ","IT 서비스","2835","-145","-4.87","42847594650"
"179290","엠아이텍","KOSDAQ","의료·정밀기기","6460","60","0.94","209082279880"
"009780","엠에스씨","KOSDAQ","음식료·담배","7100","-70","-0.98","124960000000"
"123040","엠에스오토텍","KOSDAQ","운송장비·부품","2345","-45","-1.88","146863361155"
"432980","엠에프씨","KOSDAQ","제약","3600","-35","-0.96","30930271200"
"007820","엠엑스로보틱스","KOSDAQ","기계·장비","5010","-120","-2.34","100370069460"
"347890","엠엑스온","KOSDAQ","의료·정밀기기","5880","-150","-2.49","99743639520"
"413390","엠오티","KOSDAQ","기계·장비","9280","-160","-1.69","107464070400"
"032790","엠젠솔루션","KOSDAQ","유통","887","0","0.00","45556508044"
"033160","엠케이전자","KOSDAQ","전기·전자","26350","-750","-2.77","633829751000"
"033310","엠투엔","KOSDAQ","전기·전자","1695","-28","-1.63","67753312920"
"259630","엠플러스","KOSDAQ","기계·장비","17240","-450","-2.54","208772676160"
"105550","엣지파운드리","KOSDAQ","전기·전자","909","-362","-28.48","71181109359"
"060850","영림원소프트랩","KOSDAQ","IT 서비스","6070","-110","-1.78","49355170000"
"143540","영우디에스피","KOSDAQ","기계·장비","1381","12","0.88","61592454995"
"265560","영화테크","KOSDAQ","운송장비·부품","10150","-170","-1.65","108505327000"
"036000","예림당","KOSDAQ","오락·문화","3220","-55","-1.68","74170371940"
"250930","예선테크","KOSDAQ","화학","482","4","0.84","15906212080"
"053280","예스24","KOSDAQ","유통","3365","-5","-0.15","84125000000"
"122640","예스티","KOSDAQ","기계·장비","26450","-1250","-4.51","564702765450"
"476040","오가노이드사이언스","KOSDAQ","일반서비스","20300","-700","-3.33","133690928000"
"900300","오가닉티코스메틱","KOSDAQ","금융","152","-17","-10.06","38152741152"
"045060","오공","KOSDAQ","화학","2415","-40","-1.63","40914867210"
"192410","오늘이엔엠","KOSDAQ","전기·전자","5390","405","8.12","125752936540"
"080520","오디텍","KOSDAQ","전기·전자","4395","5","0.11","49762022715"
"039830","오로라","KOSDAQ","일반서비스","17450","440","2.59","187812430500"
"322310","오로스테크놀로지","KOSDAQ","기계·장비","39500","-3550","-8.25","369978409000"
"046120","오르비텍","KOSDAQ","일반서비스","11690","-810","-6.48","395770011770"
"475830","오름테라퓨틱","KOSDAQ","제약","85500","-3500","-3.93","1839389287500"
"014940","오리엔탈정공","KOSDAQ","기계·장비","7750","20","0.26","353195872750"
"065500","오리엔트정공","KOSDAQ","운송장비·부품","1981","-12","-0.60","65854208672"
"010470","오리콤","KOSDAQ","일반서비스","5890","-20","-0.34","70533044500"
"417860","오브젠","KOSDAQ","IT 서비스","9760","-490","-4.78","45841802560"
"352910","오비고","KOSDAQ","IT 서비스","5480","40","0.74","69255154960"
"053980","오상자이엘","KOSDAQ","IT 서비스","3160","-15","-0.47","59985594280"
"036220","오상헬스케어","KOSDAQ","의료·정밀기기","8460","-80","-0.94","121057659360"
"052420","오성첨단소재","KOSDAQ","화학","1448","0","0.00","141064299008"
"052300","오션인더블유","KOSDAQ","유통","1741","0","0.00","28281026848"
"039200","오스코텍","KOSDAQ","제약","49100","-600","-1.21","1878476441600"
"226400","오스테오닉","KOSDAQ","의료·정밀기기","6220","-220","-3.42","128515158220"
"031510","오스템","KOSDAQ","운송장비·부품","1004","-9","-0.89","28112000000"
"342870","오아","KOSDAQ","유통","6680","-30","-0.45","36407315960"
"368970","오에스피","KOSDAQ","음식료·담배","1925","0","0.00","17586157050"
"138080","오이솔루션","KOSDAQ","전기·전자","54000","9400","21.08","668398932000"
"080580","오킨스전자","KOSDAQ","전기·전자","25700","1750","7.31","542037543500"
"067170","오텍","KOSDAQ","운송장비·부품","2705","-75","-2.70","65191922830"
"353590","오토앤","KOSDAQ","유통","3005","15","0.50","38691087850"
"173130","오파스넷","KOSDAQ","IT 서비스","7840","-130","-1.63","102284348320"
"440320","오픈놀","KOSDAQ","IT 서비스","4095","-25","-0.61","40253850000"
"049480","오픈베이스","KOSDAQ","IT 서비스","3220","-100","-3.01","101180073260"
"394280","오픈엣지테크놀로지","KOSDAQ","IT 서비스","20750","-700","-3.26","546690497500"
"476060","온코닉테라퓨틱스","KOSDAQ","일반서비스","20450","-50","-0.24","928590328000"
"382150","온코크로스","KOSDAQ","일반서비스","7870","-40","-0.51","95982181590"
"244460","올리패스","KOSDAQ","제약","1651","0","0.00","13415218661"
"226950","올릭스","KOSDAQ","일반서비스","167600","200","0.12","3402377710800"
"057540","옴니시스템","KOSDAQ","의료·정밀기기","936","-70","-6.96","55593034848"
"131030","옵투스제약","KOSDAQ","제약","8480","-220","-2.53","149643083200"
"082210","옵트론텍","KOSDAQ","의료·정밀기기","1773","-107","-5.69","61989984090"
"109080","옵티시스","KOSDAQ","전기·전자","15490","170","1.11","87301640000"
"380540","옵티코어","KOSDAQ","전기·전자","4225","0","0.00","206658130575"
"153710","옵티팜","KOSDAQ","제약","5090","-20","-0.39","74670086220"
"432430","와이랩","KOSDAQ","오락·문화","3265","-115","-3.40","53899664800"
"338840","와이바이오로직스","KOSDAQ","일반서비스","21200","-150","-0.70","325773637200"
"122990","와이솔","KOSDAQ","전기·전자","7460","170","2.33","198727544260"
"232140","와이씨","KOSDAQ","기계·장비","22050","-1650","-6.96","1809099967500"
"112290","와이씨켐","KOSDAQ","화학","15820","-200","-1.25","319897643800"
"065530","와이어블","KOSDAQ","통신","2120","40","1.92","101418169080"
"067900","와이엔텍","KOSDAQ","일반서비스","7390","-160","-2.12","134495480010"
"007530","와이엠","KOSDAQ","금속","2280","-5","-0.22","50739646680"
"155650","와이엠씨","KOSDAQ","전기·전자","4135","-195","-4.50","78458970330"
"273640","와이엠텍","KOSDAQ","전기·전자","13070","700","5.66","143325620000"
"251370","와이엠티","KOSDAQ","화학","21800","-650","-2.90","398620782600"
"209640","와이제이링크","KOSDAQ","기계·장비","9050","160","1.80","257410471300"
"096250","와이즈넛","KOSDAQ","IT 서비스","10200","-470","-4.40","133674508800"
"273060","와이즈버즈","KOSDAQ","일반서비스","1102","39","3.67","55606459364"
"019210","와이지-원","KOSDAQ","금속","16170","310","1.95","601422581760"
"122870","와이지엔터테인먼트","KOSDAQ","오락·문화","50300","-1000","-1.95","940159764700"
"079000","와토스코리아","KOSDAQ","화학","7770","-30","-0.38","55944000000"
"403490","우듬지팜","KOSDAQ","음식료·담배","1164","-29","-2.43","53465388096"
"032820","우리기술","KOSDAQ","전기·전자","20950","-300","-1.41","3584467107900"
"041190","우리기술투자","KOSDAQ","금융","6710","-270","-3.87","563640000000"
"115440","우리넷","KOSDAQ","전기·전자","16660","850","5.38","179832904720"
"046970","우리로","KOSDAQ","유통","9210","380","4.30","403628240790"
"082850","우리바이오","KOSDAQ","음식료·담배","2070","-80","-3.72","100305116460"
"215360","우리산업","KOSDAQ","운송장비·부품","9160","-170","-1.82","83650613080"
"072470","우리산업홀딩스","KOSDAQ","운송장비·부품","3810","-70","-1.80","71960769210"
"073560","우리손에프앤지","KOSDAQ","음식료·담배","1770","-2","-0.11","122550628110"
"037400","우리엔터프라이즈","KOSDAQ","유통","1020","-32","-3.04","26747812920"
"153490","우리이앤엘하루틴","KOSDAQ","전기·전자","913","19","2.13","47001240000"
"101170","우림피티에스","KOSDAQ","기계·장비","14590","450","3.18","196965000000"
"103840","우양","KOSDAQ","음식료·담배","3030","-70","-2.26","49590276840"
"101970","우양에이치씨","KOSDAQ","금속","14330","310","2.21","211940828970"
"046940","우원개발","KOSDAQ","건설","5820","-80","-1.36","105192717000"
"215380","우정바이오","KOSDAQ","일반서비스","2755","-40","-1.43","46365481880"
"065680","우주일렉트로","KOSDAQ","전기·전자","37900","-1450","-3.68","350213850900"
"018620","우진비앤지","KOSDAQ","제약","746","0","0.00","21551412578"
"457550","우진엔텍","KOSDAQ","일반서비스","29400","950","3.34","273977365200"
"396470","워트","KOSDAQ","기계·장비","10120","-470","-4.44","163134400000"
"307280","원바이오젠","KOSDAQ","제약","7240","150","2.12","51365099480"
"032940","원익","KOSDAQ","유통","11120","-160","-1.42","202308717600"
"240810","원익IPS","KOSDAQ","기계·장비","132900","3900","3.02","6523250442900"
"074600","원익QnC","KOSDAQ","비금속","39600","450","1.15","1041004800000"
"104830","원익머트리얼즈","KOSDAQ","화학","52800","-500","-0.94","665702400000"
"014190","원익큐브","KOSDAQ","유통","1690","-23","-1.34","59825841140"
"217820","원익피앤이","KOSDAQ","기계·장비","3880","-145","-3.60","184123688920"
"030530","원익홀딩스","KOSDAQ","화학","33150","-350","-1.04","2560439070150"
"012620","원일특강","KOSDAQ","금속","9000","-150","-1.64","39600000000"
"136150","원일티엔아이","KOSDAQ","기계·장비","18050","-950","-5.00","151277591500"
"382840","원준","KOSDAQ","기계·장비","9940","-160","-1.58","151799515140"
"336570","원텍","KOSDAQ","의료·정밀기기","7030","-200","-2.77","629751941380"
"376980","원티드랩","KOSDAQ","IT 서비스","3925","-55","-1.38","38333096450"
"008370","원풍","KOSDAQ","화학","5300","-70","-1.30","63600000000"
"008290","원풍물산","KOSDAQ","섬유·의류","418","0","0.00","17009957822"
"101160","월덱스","KOSDAQ","전기·전자","32950","-600","-1.79","544037219350"
"336060","웨이버스","KOSDAQ","IT 서비스","1050","17","1.65","50562960000"
"095270","웨이브일렉트로","KOSDAQ","의료·정밀기기","8850","-730","-7.62","127195793100"
"289930","웨이비스","KOSDAQ","전기·전자","19400","-1250","-6.05","252568794000"
"065950","웰크론","KOSDAQ","섬유·의류","1346","-68","-4.81","37999332492"
"076080","웰크론한텍","KOSDAQ","건설","1108","-64","-5.46","25034324848"
"043590","웰킵스하이텍","KOSDAQ","전기·전자","795","0","0.00","21573725790"
"196700","웹스","KOSDAQ","화학","1887","-14","-0.74","27105139728"
"069080","웹젠","KOSDAQ","IT 서비스","11970","-30","-0.25","414172581480"
"053580","웹케시","KOSDAQ","IT 서비스","8620","-170","-1.93","111667238320"
"479960","위너스일렉","KOSDAQ","전기·전자","12190","-910","-6.95","83513690000"
"044340","위닉스","KOSDAQ","전기·전자","5070","-90","-1.74","90618264750"
"330350","위더스제약","KOSDAQ","제약","8600","-60","-0.69","113538395400"
"348350","위드텍","KOSDAQ","의료·정밀기기","11330","-670","-5.58","113057538000"
"112040","위메이드","KOSDAQ","IT 서비스","22900","-800","-3.38","777420260700"
"101730","위메이드맥스","KOSDAQ","IT 서비스","5270","-230","-4.18","441643317220"
"123420","위메이드플레이","KOSDAQ","IT 서비스","7420","-280","-3.64","78298318280"
"065370","위세아이텍","KOSDAQ","IT 서비스","5120","-200","-3.76","37805844480"
"038620","위즈코프","KOSDAQ","유통","2425","-90","-3.58","36728790525"
"299900","위지윅스튜디오","KOSDAQ","오락·문화","385","-8","-2.04","65853820340"
"036090","위지트","KOSDAQ","기계·장비","710","0","0.00","84058521640"
"459100","위츠","KOSDAQ","전기·전자","6910","-550","-7.37","93050751000"
"136540","윈스테크넷","KOSDAQ","IT 서비스","12700","40","0.32","155952774200"
"097800","윈팩","KOSDAQ","전기·전자","477","0","0.00","65086759233"
"192390","윈하이텍","KOSDAQ","금속","1950","70","3.72","21512846550"
"335870","윙스풋","KOSDAQ","유통","1909","6","0.32","31976652957"
"900340","윙입푸드","KOSDAQ","금융","742","0","0.00","37345548576"
"036200","유니셈","KOSDAQ","기계·장비","13000","-10","-0.08","398634899000"
"018000","유니슨","KOSDAQ","기계·장비","1180","-74","-5.90","293418795280"
"203450","유니온바이오메트릭스","KOSDAQ","전기·전자","3130","-10","-0.32","44067291910"
"011320","유니크","KOSDAQ","운송장비·부품","4635","95","2.09","89551421325"
"086390","유니테스트","KOSDAQ","기계·장비","18620","-540","-2.82","393517426120"
"241690","유니테크노","KOSDAQ","운송장비·부품","3890","-30","-0.77","95191046340"
"142210","유니트론텍","KOSDAQ","유통","6060","0","0.00","125753502180"
"389680","유디엠텍","KOSDAQ","IT 서비스","549","0","0.00","22834263285"
"088340","유라클","KOSDAQ","IT 서비스","12320","-560","-4.35","53769013760"
"048430","유라테크","KOSDAQ","전기·전자","7970","-120","-1.48","91814400000"
"206650","유바이오로직스","KOSDAQ","제약","12300","10","0.08","451696676100"
"089850","유비벨록스","KOSDAQ","IT 서비스","5240","-110","-2.06","77186242760"
"084440","유비온","KOSDAQ","IT 서비스","1160","-24","-2.03","22866848000"
"264450","유비쿼스","KOSDAQ","전기·전자","16350","-1200","-6.84","239780810550"
"078070","유비쿼스홀딩스","KOSDAQ","금융","15940","-540","-3.28","280620065680"
"024800","유성티엔에스","KOSDAQ","운송·창고","4605","130","2.91","170623594260"
"054930","유신","KOSDAQ","일반서비스","25950","1450","5.92","77850000000"
"069330","유아이디","KOSDAQ","전기·전자","1156","-29","-2.45","16404901196"
"049520","유아이엘","KOSDAQ","전기·전자","3990","-25","-0.62","123062073750"
"473050","유안타제15호스팩","KOSDAQ","금융","2065","0","0.00","14475650000"
"474490","유안타제16호스팩","KOSDAQ","금융","2055","5","0.24","11323050000"
"493790","유안타제17호스팩","KOSDAQ","금융","2010","0","0.00","10673100000"
"263770","유에스티","KOSDAQ","금속","2070","15","0.73","49059356040"
"388720","유일로보틱스","KOSDAQ","기계·장비","98600","-2600","-2.57","1161640617000"
"340930","유일에너테크","KOSDAQ","기계·장비","806","0","0.00","55513882710"
"023410","유진기업","KOSDAQ","비금속","3895","5","0.13","301125811385"
"056080","유진로봇","KOSDAQ","기계·장비","25500","-900","-3.41","956559876000"
"468760","유진스팩10호","KOSDAQ","금융","2095","-5","-0.24","8882800000"
"488060","유진스팩11호","KOSDAQ","금융","2050","-10","-0.49","9676000000"
"0105P0","유진스팩12호","KOSDAQ","금융","2000","1","0.05","11320000000"
"084370","유진테크","KOSDAQ","기계·장비","146900","8200","5.91","3366366569800"
"240600","유진테크놀로지","KOSDAQ","금속","3465","-55","-1.56","24006043215"
"179900","유티아이","KOSDAQ","전기·전자","20850","550","2.71","412630090200"
"263050","유틸렉스","KOSDAQ","제약","959","0","0.00","35324626904"
"191410","육일씨엔에쓰","KOSDAQ","전기·전자","2470","-90","-3.52","27674509850"
"372170","윤성에프앤씨","KOSDAQ","기계·장비","34500","-950","-2.68","275277156000"
"146060","율촌","KOSDAQ","금속","1480","-28","-1.86","35543080600"
"039020","이건홀딩스","KOSDAQ","종이·목재","3280","-40","-1.20","74077845520"
"067920","이글루","KOSDAQ","IT 서비스","6970","10","0.14","76642949430"
"044960","이글벳","KOSDAQ","유통","3870","-30","-0.77","48924087210"
"303530","이노뎁","KOSDAQ","IT 서비스","4730","60","1.28","34714884270"
"302430","이노메트리","KOSDAQ","기계·장비","10700","520","5.11","105215325600"
"462350","이노스페이스","KOSDAQ","운송장비·부품","16110","-900","-5.29","336194144820"
"274400","이노시뮬레이션","KOSDAQ","IT 서비스","3800","-75","-1.94","34528673400"
"296640","이노에이엑스","KOSDAQ","IT 서비스","7210","-180","-2.44","37335196920"
"215790","이노인스트루먼트","KOSDAQ","전기·전자","1565","77","5.17","63043128185"
"344860","이노진","KOSDAQ","화학","1480","-31","-2.05","17804400000"
"333050","이노테나","KOSDAQ","IT 서비스","1393","0","0.00","34286363118"
"469610","이노테크","KOSDAQ","기계·장비","23050","-1150","-4.75","205949445000"
"088390","이녹스","KOSDAQ","운송장비·부품","13980","360","2.64","131214099120"
"272290","이녹스첨단소재","KOSDAQ","전기·전자","38250","2250","6.25","762609719250"
"053350","이니텍","KOSDAQ","IT 서비스","2880","-30","-1.03","63420667200"
"452400","이닉스","KOSDAQ","운송장비·부품","9000","50","0.56","81642852000"
"264850","이랜시스","KOSDAQ","전기·전자","8120","1870","29.92","245992249440"
"054210","이랜텍","KOSDAQ","전기·전자","12870","-10","-0.08","325497872700"
"009730","이렘","KOSDAQ","금속","295","-14","-4.53","21174960170"
"065440","이루온","KOSDAQ","IT 서비스","3970","95","2.45","108281829400"
"424870","이뮨온시아","KOSDAQ","일반서비스","6780","120","1.80","504186760620"
"115610","이미지스","KOSDAQ","전기·전자","2810","-170","-5.70","33210740890"
"478110","이베스트스팩6호","KOSDAQ","금융","2030","5","0.25","10190600000"
"131400","이브이첨단소재","KOSDAQ","전기·전자","1780","-28","-1.55","106073549960"
"351330","이삭엔지니어링","KOSDAQ","IT 서비스","8300","30","0.36","68794716000"
"080010","이상네트웍스","KOSDAQ","유통","7620","0","0.00","74943241020"
"086890","이수앱지스","KOSDAQ","제약","4505","-15","-0.33","183669886150"
"047560","이스트소프트","KOSDAQ","IT 서비스","13880","-340","-2.39","162925966160"
"900110","이스트아시아홀딩스","KOSDAQ","금융","796","-42","-5.01","29352297020"
"239340","이스트에이드","KOSDAQ","IT 서비스","1397","-29","-2.03","37690548698"
"067010","이씨에스","KOSDAQ","IT 서비스","2325","-15","-0.64","25315762500"
"456070","이엔셀","KOSDAQ","제약","14360","-550","-3.69","157981784120"
"102710","이엔에프테크놀로지","KOSDAQ","화학","57800","200","0.35","825836920800"
"041520","이엘씨","KOSDAQ","의료·정밀기기","12010","90","0.76","146386647300"
"063760","이엘피","KOSDAQ","의료·정밀기기","3700","-95","-2.50","34502981000"
"123570","이엠넷","KOSDAQ","일반서비스","2015","0","0.00","44886297170"
"083470","이엠앤아이","KOSDAQ","화학","1078","39","3.75","23004874662"
"091120","이엠텍","KOSDAQ","전기·전자","6990","-180","-2.51","119759222640"
"039030","이오테크닉스","KOSDAQ","기계·장비","463500","-15500","-3.24","5710111425000"
"294090","이오플로우","KOSDAQ","의료·정밀기기","1490","0","0.00","61997566450"
"088290","이원컴포텍","KOSDAQ","운송장비·부품","630","0","0.00","25124629320"
"353810","이지바이오","KOSDAQ","음식료·담배","7590","20","0.26","251091772800"
"261520","이지스","KOSDAQ","IT 서비스","7130","-280","-3.78","73280714000"
"099750","이지케어텍","KOSDAQ","IT 서비스","8040","-130","-1.59","109819750920"
"377330","이지트로닉스","KOSDAQ","전기·전자","3775","-45","-1.18","30728326350"
"035810","이지홀딩스","KOSDAQ","음식료·담배","5510","-10","-0.18","355484179350"
"092130","이크레더블","KOSDAQ","IT 서비스","14820","-90","-0.60","178486152000"
"134060","이퓨쳐","KOSDAQ","오락·문화","4360","-20","-0.46","20793930000"
"001840","이화공영","KOSDAQ","건설","2215","0","0.00","62588831935"
"041830","인바디","KOSDAQ","의료·정밀기기","29650","-350","-1.17","399708151300"
"352940","인바이오","KOSDAQ","화학","2340","-30","-1.27","25430488200"
"079950","인베니아","KOSDAQ","기계·장비","1020","-20","-1.92","14075082000"
"0007J0","인벤테라","KOSDAQ","일반서비스","19790","-710","-3.46","155662480060"
"389470","인벤티지랩","KOSDAQ","일반서비스","55700","-3000","-5.11","739546445500"
"277410","인산가","KOSDAQ","음식료·담배","1082","-18","-1.64","41561248410"
"060150","인선이엔티","KOSDAQ","일반서비스","4390","-40","-0.90","204414256680"
"033230","인성정보","KOSDAQ","IT 서비스","1921","21","1.11","97040044980"
"450520","인스웨이브","KOSDAQ","IT 서비스","3230","30","0.94","47495786940"
"465480","인스피언","KOSDAQ","IT 서비스","5880","-70","-1.18","59610099360"
"037330","인지디스플레","KOSDAQ","전기·전자","1448","-2","-0.14","63545804352"
"100030","인지소프트","KOSDAQ","IT 서비스","20250","1250","6.58","66495208500"
"211050","인카금융서비스","KOSDAQ","금융","10070","-30","-0.30","496085025990"
"083640","인콘","KOSDAQ","유통","385","0","0.00","29922335135"
"064090","인크레더블버즈","KOSDAQ","유통","798","0","0.00","39694710510"
"216050","인크로스","KOSDAQ","일반서비스","6580","-20","-0.30","84508400760"
"049070","인탑스","KOSDAQ","전기·전자","19260","550","2.94","331272000000"
"119610","인터로조","KOSDAQ","의료·정밀기기","21100","200","0.96","240830061700"
"017250","인터엠","KOSDAQ","전기·전자","1075","-32","-2.89","22623877025"
"051370","인터플렉스","KOSDAQ","전기·전자","13030","-270","-2.03","303956960160"
"064290","인텍플러스","KOSDAQ","기계·장비","31150","-2200","-6.60","400712416300"
"189300","인텔리안테크","KOSDAQ","전기·전자","151300","-2300","-1.50","1624583296100"
"287840","인투셀","KOSDAQ","일반서비스","34650","650","1.91","520510914000"
"048530","인트론바이오","KOSDAQ","제약","3400","-30","-0.87","107487538800"
"070590","인티큐브","KOSDAQ","IT 서비스","1823","-53","-2.83","25302366783"
"115310","인포바인","KOSDAQ","통신","12650","30","0.24","201949849750"
"039290","인포뱅크","KOSDAQ","IT 서비스","4560","-60","-1.30","39644539680"
"071200","인피니트헬스케어","KOSDAQ","IT 서비스","7510","-460","-5.77","183217399580"
"101930","인화정공","KOSDAQ","운송장비·부품","14950","660","4.62","690157929500"
"333430","일승","KOSDAQ","운송장비·부품","6070","-60","-0.98","186511354290"
"068330","일신바이오","KOSDAQ","기계·장비","1461","-8","-0.54","64599780540"
"178780","일월지엠엘","KOSDAQ","유통","2485","-105","-4.05","46318399575"
"019540","일지테크","KOSDAQ","운송장비·부품","7120","120","1.71","96216120000"
"094820","일진파워","KOSDAQ","건설","21750","-1500","-6.45","327961920750"
"950140","잉글우드랩","KOSDAQ","화학","11640","10","0.09","231261960240"
"049550","잉크테크","KOSDAQ","화학","3695","80","2.21","72445193515"
"389020","자람테크놀로지","KOSDAQ","전기·전자","56400","-900","-1.57","375846103200"
"254120","자비스","KOSDAQ","기계·장비","1556","-30","-1.89","47853644120"
"043910","자연과환경","KOSDAQ","비금속","493","0","0.00","55901988301"
"234920","자이글","KOSDAQ","전기·전자","5310","0","0.00","71849132100"
"289220","자이언트스텝","KOSDAQ","오락·문화","2805","-85","-2.94","62585779905"
"049630","재영솔루텍","KOSDAQ","의료·정밀기기","12420","-1020","-7.59","290373539040"
"417840","저스템","KOSDAQ","기계·장비","13530","-370","-2.66","306642986430"
"110020","전진바이오팜","KOSDAQ","화학","2310","0","0.00","20925740220"
"208140","정다운","KOSDAQ","음식료·담배","2495","-20","-0.80","81547193770"
"040420","정상제이엘에스","KOSDAQ","일반서비스","5970","10","0.17","93594985440"
"045510","정원엔시스","KOSDAQ","유통","1068","-34","-3.09","34399523856"
"217190","제너셈","KOSDAQ","기계·장비","8700","-600","-6.45","114437720700"
"095700","제넥신","KOSDAQ","일반서비스","5200","80","1.56","236810568800"
"122310","제노레이","KOSDAQ","의료·정밀기기","4680","160","3.54","68111989920"
"361390","제노코","KOSDAQ","전기·전자","28650","-1300","-4.34","278082658650"
"225220","제놀루션","KOSDAQ","제약","1790","-10","-0.56","34350137590"
"123330","제닉","KOSDAQ","화학","24300","-2400","-8.99","193638924000"
"381620","제닉스로보틱스","KOSDAQ","기계·장비","10600","1000","10.42","139049952000"
"159580","제로투세븐","KOSDAQ","유통","3745","-45","-1.19","75022221820"
"147830","제룡산업","KOSDAQ","금속","12980","790","6.48","259600000000"
"033100","제룡전기","KOSDAQ","전기·전자","88200","0","0.00","1416704473800"
"079370","제우스","KOSDAQ","기계·장비","16530","-450","-2.65","512710844700"
"054950","제이브이엠","KOSDAQ","기계·장비","24300","-450","-1.82","293784375600"
"090470","제이스로보틱스","KOSDAQ","기계·장비","8190","-130","-1.56","143133304860"
"023440","제이스코홀딩스","KOSDAQ","금속","521","0","0.00","46964378481"
"137950","제이씨케미칼","KOSDAQ","화학","4250","-270","-5.97","94638209500"
"033320","제이씨현시스템","KOSDAQ","유통","4805","-45","-0.93","91844845760"
"417500","제이아이테크","KOSDAQ","화학","4805","-235","-4.66","157530694920"
"204270","제이앤티씨","KOSDAQ","전기·전자","20800","-1700","-7.56","1203248092800"
"127120","제이에스링크","KOSDAQ","일반서비스","41150","500","1.23","1422709030650"
"026040","제이에스티나","KOSDAQ","기타제조","3235","165","5.37","53389760650"
"452160","제이엔비","KOSDAQ","기계·장비","6080","-380","-5.88","58474564160"
"126880","제이엔케이글로벌","KOSDAQ","기계·장비","3870","-45","-1.15","89802974610"
"322510","제이엘케이","KOSDAQ","IT 서비스","6530","-380","-5.50","167990074760"
"033050","제이엠아이","KOSDAQ","화학","1007","-24","-2.33","32807397394"
"094970","제이엠티","KOSDAQ","전기·전자","3905","-95","-2.38","65401877200"
"418550","제이오","KOSDAQ","일반서비스","11920","90","0.76","381650662160"
"060230","제이케이시냅스","KOSDAQ","화학","398","-14","-3.40","21796630792"
"420570","제이투케이바이오","KOSDAQ","화학","7870","-210","-2.60","46019691210"
"089790","제이티","KOSDAQ","기계·장비","6700","20","0.30","69113937100"
"0010V0","제이피아이헬스케어","KOSDAQ","의료·정밀기기","11750","-250","-2.08","59988450000"
"412540","제일엠앤에스","KOSDAQ","기계·장비","3935","0","0.00","81063616775"
"199820","제일일렉트릭","KOSDAQ","전기·전자","17340","-2010","-10.39","385294800000"
"038010","제일테크노스","KOSDAQ","금속","6740","-20","-0.30","60660000000"
"080220","제주반도체","KOSDAQ","전기·전자","55100","-3400","-5.81","1897800098300"
"216080","제테마","KOSDAQ","제약","6490","-200","-2.99","241487052510"
"337930","젝시믹스","KOSDAQ","IT 서비스","4155","-45","-1.07","123305753625"
"229000","젠큐릭스","KOSDAQ","제약","3835","885","30.00","89847012775"
"082270","젬백스","KOSDAQ","기계·장비","21200","-1300","-5.78","938507103600"
"034940","조아제약","KOSDAQ","제약","890","-13","-1.44","27572046030"
"067000","조이시티","KOSDAQ","IT 서비스","2065","-325","-13.60","144350615990"
"309930","조이웍스앤코","KOSDAQ","유통","2210","0","0.00","54116376080"
"033340","좋은사람들","KOSDAQ","섬유·의류","1760","54","3.17","170632982080"
"036930","주성엔지니어링","KOSDAQ","기계·장비","135100","7500","5.88","6279599447100"
"072020","중앙백신","KOSDAQ","제약","9890","30","0.30","93546414430"
"000440","중앙에너비스","KOSDAQ","유통","19630","-420","-2.09","122238561900"
"051980","중앙첨단소재","KOSDAQ","전기·전자","1846","9","0.49","205075294814"
"221800","지구홀딩스","KOSDAQ","일반서비스","16650","-550","-3.20","270270692100"
"228760","지노믹트리","KOSDAQ","일반서비스","15910","-240","-1.49","395509903820"
"314130","지놈앤컴퍼니","KOSDAQ","제약","7050","-450","-6.00","254920449450"
"389030","지니너스","KOSDAQ","일반서비스","4590","-110","-2.34","153881792550"
"263860","지니언스","KOSDAQ","IT 서비스","15870","0","0.00","144093252000"
"303030","지니틱스","KOSDAQ","전기·전자","3340","-400","-10.70","30585969840"
"208350","지란지교시큐리티","KOSDAQ","IT 서비스","3360","5","0.15","27221275200"
"446840","지슨","KOSDAQ","의료·정밀기기","1369","-4","-0.29","75408740627"
"144510","지씨셀","KOSDAQ","일반서비스","23350","100","0.43","368938032400"
"340450","지씨지놈","KOSDAQ","일반서비스","7660","-100","-1.29","181165074380"
"306620","지아이에스","KOSDAQ","기계·장비","3670","125","3.53","175741172260"
"358570","지아이이노베이션","KOSDAQ","일반서비스","14720","-990","-6.30","945575264000"
"382480","지아이텍","KOSDAQ","기계·장비","2775","-15","-0.54","109216063500"
"382800","지앤비에스 에코","KOSDAQ","기계·장비","8600","-400","-4.44","273746952600"
"051160","지어소프트","KOSDAQ","IT 서비스","7350","-20","-0.27","113737060500"
"053050","지에스이","KOSDAQ","전기·가스·수도","2410","-35","-1.43","72270108770"
"388610","지에프씨생명과학","KOSDAQ","화학","9580","-90","-0.93","50809532220"
"493330","지에프아이","KOSDAQ","기계·장비","19080","-1170","-5.78","146575345680"
"119850","지엔씨에너지","KOSDAQ","전기·전자","36950","200","0.54","607787187550"
"065060","지엔코","KOSDAQ","섬유·의류","2810","-60","-2.09","13376049600"
"204840","지엘팜텍","KOSDAQ","유통","990","-23","-2.27","76773515940"
"311320","지오엘리먼트","KOSDAQ","전기·전자","8830","-80","-0.90","111386564800"
"456160","지투지바이오","KOSDAQ","제약","78700","900","1.16","1302119753300"
"388050","지투파워","KOSDAQ","전기·전자","15970","-1280","-7.42","298789708890"
"018120","진로발효","KOSDAQ","음식료·담배","17910","-120","-0.67","118584259200"
"109820","진매트릭스","KOSDAQ","일반서비스","1915","-18","-0.93","39053820600"
"086060","진바이오텍","KOSDAQ","유통","4375","-165","-3.63","37671318125"
"036890","진성티이씨","KOSDAQ","기계·장비","20550","1540","8.10","452770402650"
"363250","진시스템","KOSDAQ","의료·정밀기기","4985","-195","-3.76","42414284270"
"007370","진양제약","KOSDAQ","제약","4860","5","0.10","68694092820"
"285800","진영","KOSDAQ","화학","1802","-178","-8.99","31494040540"
"085660","차바이오텍","KOSDAQ","제약","16170","80","0.50","1503320825160"
"261780","차백신연구소","KOSDAQ","일반서비스","3095","-70","-2.21","83295722620"
"351870","차이커뮤니케이션","KOSDAQ","일반서비스","4055","-20","-0.49","45256403310"
"094850","참좋은여행","KOSDAQ","일반서비스","5540","230","4.33","77560000000"
"004650","창해에탄올","KOSDAQ","음식료·담배","10360","90","0.88","95217568600"
"0011T0","채비","KOSDAQ","전기·전자","17540","370","2.15","820613811200"
"278280","천보","KOSDAQ","화학","62300","-1600","-2.50","755408121300"
"362320","청담글로벌","KOSDAQ","유통","4875","-5","-0.10","103112538750"
"066360","체리부로","KOSDAQ","음식료·담배","1120","-30","-2.61","53706256800"
"047820","초록뱀미디어","KOSDAQ","오락·문화","5470","30","0.55","133762997100"
"094360","칩스앤미디어","KOSDAQ","전기·전자","18920","-280","-1.46","403642572080"
"0082N0","카나프테라퓨틱스","KOSDAQ","일반서비스","32750","-100","-0.30","428793457500"
"016920","카스","KOSDAQ","유통","995","-15","-1.49","26361070310"
"284620","카이노스메드","KOSDAQ","일반서비스","1087","0","0.00","35965517911"
"293490","카카오게임즈","KOSDAQ","IT 서비스","11450","-170","-1.46","1028060130950"
"140430","카티스","KOSDAQ","IT 서비스","752","0","0.00","40192549328"
"042000","카페24","KOSDAQ","IT 서비스","26000","900","3.59","630579404000"
"313760","캐리","KOSDAQ","전기·전자","468","0","0.00","5244963048"
"071850","캐스텍코리아","KOSDAQ","운송장비·부품","1487","-30","-1.98","36076014806"
"198080","캐프","KOSDAQ","전기·전자","3015","-105","-3.37","64928582775"
"210120","캔버스엔","KOSDAQ","오락·문화","1381","-57","-3.96","33471957118"
"050110","캠시스","KOSDAQ","전기·전자","1776","-27","-1.50","51903285648"
"452300","캡스톤파트너스","KOSDAQ","금융","4200","-115","-2.67","59511921000"
"451760","컨텍","KOSDAQ","IT 서비스","20950","-950","-4.34","331350018500"
"900310","컬러레이","KOSDAQ","금융","516","-2","-0.39","33045504300"
"078340","컴투스","KOSDAQ","IT 서비스","32200","-550","-1.68","389340278600"
"063080","컴투스홀딩스","KOSDAQ","IT 서비스","17300","-830","-4.58","114096821600"
"307930","컴퍼니케이","KOSDAQ","금융","9530","-340","-3.44","148763300000"
"079190","케스피온","KOSDAQ","전기·전자","1119","4","0.36","21459910083"
"263700","케어랩스","KOSDAQ","일반서비스","2480","-15","-0.60","48147216000"
"214370","케어젠","KOSDAQ","제약","97700","-3300","-3.27","5247955500000"
"221980","케이디켐","KOSDAQ","화학","10450","20","0.19","42163660000"
"038530","케이바이오랩스","KOSDAQ","유통","310","0","0.00","35871447570"
"192250","케이사인","KOSDAQ","IT 서비스","13050","-940","-6.72","92225981250"
"431190","케이쓰리아이","KOSDAQ","IT 서비스","4450","-185","-3.99","33314666900"
"115500","케이씨에스","KOSDAQ","IT 서비스","17200","-170","-0.98","206400000000"
"089150","케이씨티","KOSDAQ","IT 서비스","3460","-45","-1.28","59339000000"
"025880","케이씨피드","KOSDAQ","음식료·담배","2900","-45","-1.53","48475988200"
"093320","케이아이엔엑스","KOSDAQ","IT 서비스","107700","4100","3.96","525576000000"
"093640","케이알엠","KOSDAQ","전기·전자","4915","115","2.40","160599817090"
"073010","케이에스피","KOSDAQ","기계·장비","6110","-110","-1.77","245568537500"
"105330","케이엔더블유","KOSDAQ","운송장비·부품","10590","-150","-1.40","170075696520"
"053080","케이엔솔","KOSDAQ","기계·장비","16500","-510","-3.00","214496815500"
"199430","케이엔알시스템","KOSDAQ","의료·정밀기기","24550","50","0.20","273586255650"
"432470","케이엔에스","KOSDAQ","기계·장비","15100","-210","-1.37","132450495600"
"272110","케이엔제이","KOSDAQ","전기·전자","39950","-3150","-7.31","320614530250"
"039420","케이엘넷","KOSDAQ","통신","3090","85","2.83","70906211460"
"083550","케이엠","KOSDAQ","섬유·의류","3410","110","3.33","46226522650"
"032500","케이엠더블유","KOSDAQ","전기·전자","32650","1900","6.18","1376356668750"
"225430","케이엠제약","KOSDAQ","화학","517","0","0.00","14417604850"
"102370","케이옥션","KOSDAQ","유통","3110","-105","-3.27","84682843100"
"068100","케이웨더","KOSDAQ","기계·장비","2475","20","0.81","29520651600"
"106080","케이이엠텍","KOSDAQ","전기·전자","1650","0","0.00","9506998050"
"455180","케이지에이","KOSDAQ","기계·장비","2945","-125","-4.07","41107240620"
"036030","케이티알파","KOSDAQ","유통","4900","-65","-1.31","240194486700"
"064820","케이프","KOSDAQ","운송장비·부품","15650","-250","-1.57","482962364750"
"024880","케이피에프","KOSDAQ","금속","5620","-30","-0.53","113314677480"
"042040","케이피엠테크","KOSDAQ","유통","1063","-31","-2.83","26266051806"
"054410","케이피티유","KOSDAQ","유통","3785","-15","-0.39","21674590540"
"258610","케일럼","KOSDAQ","금속","1270","5","0.40","46336030010"
"274090","켄코아에어로스페이스","KOSDAQ","운송장비·부품","20900","-550","-2.56","286948180200"
"089010","켐트로닉스","KOSDAQ","화학","43100","-2600","-5.69","722788163700"
"220260","켐트로스","KOSDAQ","화학","6000","-190","-3.07","192432330000"
"052400","코나아이","KOSDAQ","IT 서비스","58100","2600","4.68","846127207100"
"402030","코난테크놀로지","KOSDAQ","IT 서비스","20050","-250","-1.23","250975634400"
"391710","코닉오토메이션","KOSDAQ","기계·장비","2265","55","2.49","96535364550"
"046070","코다코","KOSDAQ","운송장비·부품","10280","0","0.00","159196994920"
"047770","코데즈컴바인","KOSDAQ","섬유·의류","5380","220","4.26","203593198760"
"080530","코디","KOSDAQ","화학","815","0","0.00","45241363125"
"104540","코렌텍","KOSDAQ","의료·정밀기기","5560","-180","-3.14","71088714400"
"027050","코리아나","KOSDAQ","화학","1919","-7","-0.36","76760000000"
"190650","코리아에셋투자증권","KOSDAQ","금융","8980","-620","-6.46","57364240000"
"123410","코리아에프티","KOSDAQ","운송장비·부품","6920","-70","-1.00","192660162880"
"036690","코맥스","KOSDAQ","전기·전자","2885","0","0.00","125692107675"
"049430","코메론","KOSDAQ","의료·정밀기기","20100","280","1.41","181864800000"
"183300","코미코","KOSDAQ","기계·장비","145700","-1700","-1.15","1524121658800"
"041960","코미팜","KOSDAQ","제약","9270","-50","-0.54","684927808650"
"089890","코세스","KOSDAQ","기계·장비","42650","-2050","-4.59","707348629300"
"360350","코셈","KOSDAQ","의료·정밀기기","13830","-450","-3.15","79217825100"
"082660","코스나인","KOSDAQ","화학","480","0","0.00","47827617120"
"043710","코스리거글로벌","KOSDAQ","유통","4460","-65","-1.44","77213758920"
"222040","코스맥스엔비티","KOSDAQ","음식료·담배","5230","220","4.39","107884440000"
"241710","코스메카코리아","KOSDAQ","화학","76600","-300","-0.39","818088000000"
"355150","코스텍시스","KOSDAQ","전기·전자","50800","-300","-0.59","396105380000"
"166480","코아스템켐온","KOSDAQ","제약","3705","325","9.62","195884743080"
"045970","코아시아","KOSDAQ","전기·전자","5590","-310","-5.25","147100156840"
"196450","코아시아씨엠","KOSDAQ","의료·정밀기기","1283","-64","-4.75","58145023706"
"384470","코어라인소프트","KOSDAQ","IT 서비스","3600","-80","-2.17","64608091200"
"102940","코오롱생명과학","KOSDAQ","제약","61300","1900","3.20","802453963900"
"950160","코오롱티슈진","KOSDAQ","제약","114600","11000","10.62","9710751330000"
"056360","코위버","KOSDAQ","전기·전자","11310","110","0.98","110801808000"
"282880","코윈테크","KOSDAQ","기계·장비","16680","-420","-2.46","195057287760"
"121850","코이즈","KOSDAQ","화학","2525","-60","-2.32","12768922475"
"448710","코츠테크놀로지","KOSDAQ","전기·전자","20200","-1100","-5.16","106762898400"
"126730","코칩","KOSDAQ","전기·전자","21050","-1650","-7.27","184611152300"
"015710","코콤","KOSDAQ","전기·전자","3825","-65","-1.67","67054162500"
"052330","코텍","KOSDAQ","전기·전자","11700","100","0.86","207810591300"
"322780","코퍼스코리아","KOSDAQ","오락·문화","458","0","0.00","20552362532"
"200130","콜마비앤에이치","KOSDAQ","제약","11000","-20","-0.18","323571138000"
"294570","쿠콘","KOSDAQ","IT 서비스","28800","-1100","-3.68","290641881600"
"464490","쿼드메디슨","KOSDAQ","제약","12000","-340","-2.76","137785356000"
"317690","퀀타매트릭스","KOSDAQ","의료·정밀기기","3890","-170","-4.19","78325262810"
"432720","퀄리타스반도체","KOSDAQ","전기·전자","26350","-1650","-5.89","373026726200"
"365270","큐라클","KOSDAQ","일반서비스","14370","-30","-0.21","315056013420"
"348080","큐라티스","KOSDAQ","일반서비스","762","-35","-4.39","87972733122"
"060280","큐렉소","KOSDAQ","유통","15070","-900","-5.64","621785035300"
"372320","큐로셀","KOSDAQ","일반서비스","47100","-3900","-7.65","715396342200"
"051780","큐로홀딩스","KOSDAQ","유통","727","0","0.00","18764775115"
"115180","큐리언트","KOSDAQ","일반서비스","31800","-2200","-6.47","1186298586600"
"494120","큐리오시스","KOSDAQ","의료·정밀기기","51400","2500","5.11","391487174800"
"445680","큐리옥스바이오시스템즈","KOSDAQ","의료·정밀기기","90900","-2700","-2.88","1563775879500"
"182360","큐브엔터","KOSDAQ","오락·문화","9710","-280","-2.80","150989033790"
"405100","큐알티","KOSDAQ","일반서비스","21550","-950","-4.22","264834436550"
"066310","큐에스아이","KOSDAQ","전기·전자","15540","-760","-4.66","144080990340"
"377460","큐에이드","KOSDAQ","일반서비스","4080","0","0.00","253187202960"
"016600","큐캐피탈","KOSDAQ","금융","293","0","0.00","52226403816"
"355390","크라우드웍스","KOSDAQ","IT 서비스","3450","65","1.92","53740922550"
"096240","크레버스","KOSDAQ","일반서비스","10480","20","0.19","112536126400"
"040350","크레오에스지","KOSDAQ","IT 서비스","732","0","0.00","71445147852"
"110790","크리스에프앤씨","KOSDAQ","섬유·의류","3905","5","0.13","91497898800"
"900250","크리스탈신소재","KOSDAQ","금융","539","-23","-4.09","77217142156"
"045520","크린앤사이언스","KOSDAQ","기계·장비","3155","-120","-3.66","20507500000"
"214150","클래시스","KOSDAQ","의료·정밀기기","53900","-1200","-2.18","3516202020100"
"466100","클로봇","KOSDAQ","IT 서비스","48500","-1250","-2.51","1234773091500"
"237880","클리오","KOSDAQ","화학","12920","-30","-0.23","233481880760"
"139670","키네마스터","KOSDAQ","IT 서비스","2015","-75","-3.59","28449402150"
"475430","키스트론","KOSDAQ","전기·전자","5950","-480","-7.47","106196254500"
"487720","키움제10호스팩","KOSDAQ","금융","2040","0","0.00","8629200000"
"489480","키움제11호스팩","KOSDAQ","금융","2025","-10","-0.49","13365000000"
"466690","키움히어로제1호스팩","KOSDAQ","금융","2005","-5","-0.25","10215475000"
"0131D0","키움히어로제2호스팩","KOSDAQ","금융","1995","4","0.20","12588450000"
"054780","키이스트","KOSDAQ","오락·문화","2420","-50","-2.02","47571859060"
"256940","킵스파마","KOSDAQ","제약","7260","-170","-2.29","145767347220"
"219130","타이거일렉","KOSDAQ","전기·전자","56700","4100","7.79","358020243000"
"336680","탑런토탈솔루션","KOSDAQ","전기·전자","3800","0","0.00","148753120400"
"360070","탑머티리얼","KOSDAQ","전기·전자","19040","-640","-3.25","155866066720"
"065130","탑엔지니어링","KOSDAQ","기계·장비","3330","-85","-2.49","53293320000"
"134580","탑코미디어","KOSDAQ","IT 서비스","1959","60","3.16","96567237891"
"023160","태광","KOSDAQ","금속","45250","550","1.23","1170492700500"
"323280","태성","KOSDAQ","기계·장비","79400","1300","1.66","2424715612000"
"053620","태양","KOSDAQ","금속","7220","-10","-0.14","62092000000"
"044490","태웅","KOSDAQ","금속","53800","-2200","-3.93","1076397097800"
"124560","태웅로직스","KOSDAQ","운송·창고","2500","-5","-0.20","96802027500"
"191420","테고사이언스","KOSDAQ","제약","13200","1460","12.44","107036608800"
"950250","테라뷰","KOSDAQ","금융","6040","-400","-6.21","214527095240"
"073640","테라사이언스","KOSDAQ","금속","654","0","0.00","69571715580"
"066700","테라젠이텍스","KOSDAQ","제약","2880","-10","-0.35","106998842880"
"095610","테스","KOSDAQ","기계·장비","89200","-500","-0.56","1726912000000"
"064520","테크엘","KOSDAQ","전기·전자","1854","-4","-0.22","41438868948"
"089030","테크윙","KOSDAQ","기계·장비","59500","-2600","-4.19","2204691877500"
"054450","텔레칩스","KOSDAQ","전기·전자","14540","-500","-3.32","220197147820"
"200230","텔콘RF제약","KOSDAQ","제약","582","-18","-3.00","41626696206"
"393210","토마토시스템","KOSDAQ","IT 서비스","4175","-175","-4.02","65190721200"
"475960","토모큐브","KOSDAQ","의료·정밀기기","56800","-5600","-8.97","760169963200"
"215480","토박스코리아","KOSDAQ","유통","2160","-30","-1.37","19332000000"
"051360","토비스","KOSDAQ","전기·전자","18670","620","3.43","278516128810"
"045340","토탈소프트","KOSDAQ","IT 서비스","7060","-220","-3.02","60419762400"
"108230","톱텍","KOSDAQ","기계·장비","4280","-60","-1.38","162739488600"
"079970","투비소프트","KOSDAQ","IT 서비스","596","0","0.00","7646223464"
"199800","툴젠","KOSDAQ","일반서비스","118500","17300","17.09","1065768736500"
"417790","트루엔","KOSDAQ","전기·전자","7620","-60","-0.78","79769139420"
"290090","트윔","KOSDAQ","IT 서비스","6420","-210","-3.17","47766520560"
"026150","특수건설","KOSDAQ","건설","6780","90","1.35","118964124180"
"464280","티디에스팜","KOSDAQ","제약","8430","-220","-2.54","46617900000"
"117730","티로보틱스","KOSDAQ","기계·장비","20400","-900","-4.23","460184077200"
"033830","티비씨","KOSDAQ","오락·문화","590","2","0.34","59000000000"
"057680","티사이언티픽","KOSDAQ","IT 서비스","2455","-105","-4.10","34983013500"
"204610","티쓰리","KOSDAQ","IT 서비스","3270","-40","-1.21","179855624400"
"125020","티씨머티리얼즈","KOSDAQ","전기·전자","7640","-540","-6.60","267694522000"
"064760","티씨케이","KOSDAQ","비금속","296000","-3500","-1.17","3309107136000"
"246710","티앤알바이오팹","KOSDAQ","제약","2790","-50","-1.76","132983966160"
"340570","티앤엘","KOSDAQ","제약","59800","-1100","-1.81","486054400000"
"043220","티에스넥스젠","KOSDAQ","기계·장비","1710","0","0.00","27227331360"
"277880","티에스아이","KOSDAQ","기계·장비","5960","90","1.53","118265543520"
"131290","티에스이","KOSDAQ","의료·정밀기기","171000","900","0.53","1891504359000"
"425420","티에프이","KOSDAQ","전기·전자","66500","-7900","-10.62","821087536500"
"484810","티엑스알로보틱스","KOSDAQ","기계·장비","19110","70","0.37","295266985650"
"131100","티엔엔터테인먼트","KOSDAQ","오락·문화","1275","-4","-0.31","41114573100"
"356860","티엘비","KOSDAQ","전기·전자","95300","0","0.00","937049639000"
"321550","티움바이오","KOSDAQ","일반서비스","10660","-590","-5.24","319774789100"
"425040","티이엠씨","KOSDAQ","화학","22350","650","3.00","476704982700"
"241790","티이엠씨씨엔에스","KOSDAQ","기계·장비","9040","-200","-2.16","90423811360"
"022220","티케이지애강","KOSDAQ","화학","868","-6","-0.69","44957694572"
"104480","티케이케미칼","KOSDAQ","화학","2500","-55","-2.15","227238585000"
"081150","티플랙스","KOSDAQ","금속","3620","90","2.55","87851615240"
"130740","티피씨글로벌","KOSDAQ","운송장비·부품","1978","-27","-1.35","22305271062"
"084730","팅크웨어","KOSDAQ","전기·전자","8490","-170","-1.96","94319009760"
"440110","파두","KOSDAQ","전기·전자","83800","5000","6.35","4198114102600"
"290560","파라택시스이더리움","KOSDAQ","IT 서비스","1714","9","0.53","38329719220"
"288330","파라택시스코리아","KOSDAQ","일반서비스","416","0","0.00","44128768736"
"033540","파라텍","KOSDAQ","기계·장비","890","-80","-8.25","46499234590"
"388870","파로스아이바이오","KOSDAQ","일반서비스","8300","-260","-3.04","107451235600"
"043200","파루","KOSDAQ","전기·전자","955","-45","-4.50","39923120825"
"214450","파마리서치","KOSDAQ","제약","332500","-3500","-1.04","3454557960000"
"177830","파버나인","KOSDAQ","전기·전자","2780","80","2.96","37513183780"
"037070","파세코","KOSDAQ","전기·전자","9150","-130","-1.40","183000000000"
"150900","파수에이아이","KOSDAQ","IT 서비스","5560","-220","-3.81","65073806320"
"037030","파워넷","KOSDAQ","전기·전자","8210","-1460","-15.10","209461664320"
"047310","파워로직스","KOSDAQ","전기·전자","5050","-250","-4.72","184884312750"
"368770","파이버프로","KOSDAQ","의료·정밀기기","21050","-1500","-6.65","691581436250"
"170790","파이오링크","KOSDAQ","전기·전자","11750","300","2.62","75168686250"
"049120","파인디앤씨","KOSDAQ","전기·전자","3490","-930","-21.04","36999803870"
"038950","파인디지털","KOSDAQ","전기·전자","3485","0","0.00","35584516025"
"387570","파인메딕스","KOSDAQ","의료·정밀기기","7570","-10","-0.13","42588063000"
"441270","파인엠텍","KOSDAQ","전기·전자","10350","-430","-3.99","431529505200"
"106240","파인테크닉스","KOSDAQ","전기·전자","2135","-5","-0.23","48823878145"
"131760","파인텍","KOSDAQ","기계·장비","1036","0","0.00","44995119988"
"065690","파커스","KOSDAQ","화학","1440","16","1.12","20231036640"
"140860","파크시스템스","KOSDAQ","의료·정밀기기","310000","-8000","-2.52","2169242670000"
"091700","파트론","KOSDAQ","전기·전자","7510","-60","-0.79","413050000000"
"032800","판타지오","KOSDAQ","오락·문화","1678","28","1.70","15423187658"
"318010","팜스빌","KOSDAQ","음식료·담배","3595","-105","-2.84","28505970110"
"027710","팜스토리","KOSDAQ","음식료·담배","1427","-53","-3.58","158991488200"
"225590","패션플랫폼","KOSDAQ","섬유·의류","950","0","0.00","24326537900"
"054300","팬스타엔터프라이즈","KOSDAQ","기계·장비","1112","13","1.18","64352490840"
"068050","팬엔터테인먼트","KOSDAQ","오락·문화","1508","-33","-2.14","41762666608"
"222110","팬젠","KOSDAQ","제약","5770","-10","-0.17","77861516690"
"271830","팸텍","KOSDAQ","기계·장비","1558","-43","-2.69","45945734716"
"263750","펄어비스","KOSDAQ","IT 서비스","52500","-2200","-4.02","3373012387500"
"251970","펌텍코리아","KOSDAQ","화학","40400","-850","-2.06","500960000000"
"187660","페니트리움바이오","KOSDAQ","일반서비스","9770","-80","-0.81","541905291810"
"0015S0","페스카로","KOSDAQ","일반서비스","13940","-440","-3.06","137542216200"
"168360","펨트론","KOSDAQ","기계·장비","23850","-1350","-5.36","507725573400"
"087010","펩트론","KOSDAQ","제약","257500","-12000","-4.45","6004217625000"
"064800","포니링크","KOSDAQ","유통","799","0","0.00","102118031102"
"119500","포메탈","KOSDAQ","금속","4140","-90","-2.13","49047540480"
"389140","포바이포","KOSDAQ","오락·문화","8280","-590","-6.65","118153405800"
"105760","포스뱅크","KOSDAQ","기계·장비","5560","-140","-2.46","56586271720"
"009520","포스코엠텍","KOSDAQ","금속","21200","800","3.92","882825303600"
"189690","포시에스","KOSDAQ","IT 서비스","2005","-15","-0.74","54780547845"
"318020","포인트모바일","KOSDAQ","전기·전자","3570","-110","-2.99","43915541040"
"256630","포인트엔지니어링","KOSDAQ","금속","1175","0","0.00","68146559600"
"331380","포커스에이아이","KOSDAQ","전기·전자","2170","-70","-3.13","70332931130"
"208710","포톤","KOSDAQ","전기·전자","2565","-140","-5.18","33807038580"
"472850","폰드그룹","KOSDAQ","유통","5330","-120","-2.20","306856905160"
"039980","폴라리스AI","KOSDAQ","IT 서비스","7950","-160","-1.97","115718252250"
"041910","폴라리스AI파마","KOSDAQ","제약","7540","560","8.02","100156459000"
"234100","폴라리스세원","KOSDAQ","운송장비·부품","1020","0","0.00","74468346660"
"041020","폴라리스오피스","KOSDAQ","IT 서비스","4640","-80","-1.69","230532799520"
"114630","폴라리스우노","KOSDAQ","화학","2355","-15","-0.63","41423293695"
"290720","푸드나무","KOSDAQ","유통","2985","-115","-3.71","104839593870"
"005670","푸드웰","KOSDAQ","음식료·담배","6420","-100","-1.53","64200000000"
"094940","푸른기술","KOSDAQ","전기·전자","10590","-150","-1.40","88547077740"
"007330","푸른저축은행","KOSDAQ","금융","11270","-210","-1.83","169983156000"
"093380","풍강","KOSDAQ","금속","2840","-10","-0.35","28057248920"
"023900","풍국주정","KOSDAQ","음식료·담배","10400","70","0.68","131040000000"
"371950","풍원정밀","KOSDAQ","전기·전자","9700","-350","-3.48","219826715600"
"298060","풍전약품","KOSDAQ","제약","927","0","0.00","40976344152"
"370090","퓨런티어","KOSDAQ","의료·정밀기기","14270","220","1.57","122105964100"
"445180","퓨릿","KOSDAQ","화학","12180","-440","-3.49","209364309840"
"220100","퓨쳐켐","KOSDAQ","제약","19050","-80","-0.42","427242351000"
"035200","프럼파스트","KOSDAQ","화학","3920","-95","-2.37","38143912800"
"334970","프레스티지바이오로직스","KOSDAQ","제약","2100","-35","-1.64","163280537700"
"227100","프로브잇","KOSDAQ","부동산","612","0","0.00","14770119384"
"321260","프로이천","KOSDAQ","전기·전자","3150","-165","-4.98","88805064600"
"053610","프로텍","KOSDAQ","기계·장비","80800","-200","-0.25","888800000000"
"468530","프로티나","KOSDAQ","일반서비스","51800","-2000","-3.72","566665064000"
"303360","프로티아","KOSDAQ","의료·정밀기기","4830","-55","-1.13","62209023450"
"377220","프롬바이오","KOSDAQ","음식료·담배","1208","-3","-0.25","34198480000"
"335810","프리시젼바이오","KOSDAQ","의료·정밀기기","2190","-70","-3.10","48069418140"
"053160","프리엠스","KOSDAQ","전기·전자","9190","410","4.67","55140000000"
"405000","플라즈맵","KOSDAQ","의료·정밀기기","7430","20","0.27","28519638920"
"041590","플래스크","KOSDAQ","건설","2370","0","0.00","116064014460"
"367000","플래티어","KOSDAQ","IT 서비스","4095","-25","-0.61","34349707665"
"075130","플랜티넷","KOSDAQ","IT 서비스","2450","-35","-1.41","40724684000"
"237820","플레이디","KOSDAQ","일반서비스","4435","-75","-1.66","56888365900"
"023770","플레이위드","KOSDAQ","IT 서비스","2645","-100","-3.64","23663479275"
"019570","플루토스","KOSDAQ","금융","456","-15","-3.18","30875779152"
"300080","플리토","KOSDAQ","IT 서비스","11390","140","1.24","187997086890"
"033790","피노","KOSDAQ","전기·전자","17480","290","1.69","1439159654240"
"032580","피델릭스","KOSDAQ","전기·전자","1472","27","1.87","48770398208"
"051380","피씨디렉트","KOSDAQ","유통","2225","-70","-3.05","34131660200"
"241820","피씨엘","KOSDAQ","제약","6040","0","0.00","16803871920"
"452450","피아이이","KOSDAQ","기계·장비","7170","-520","-6.76","258324345000"
"237750","피앤씨테크","KOSDAQ","전기·전자","6010","-440","-6.82","39044566000"
"460940","피앤에스로보틱스","KOSDAQ","의료·정밀기기","8430","-10","-0.12","113428010400"
"319660","피에스케이","KOSDAQ","기계·장비","106500","2000","1.91","3084955041000"
"031980","피에스케이홀딩스","KOSDAQ","기계·장비","125600","-2000","-1.57","2708236812000"
"002230","피에스텍","KOSDAQ","의료·정밀기기","10080","-580","-5.44","188549625600"
"043370","피에이치에이","KOSDAQ","운송장비·부품","12920","-40","-0.31","271320000000"
"239890","피엔에이치테크","KOSDAQ","화학","5860","-290","-4.72","58223524300"
"347740","피엔케이피부임상연구센타","KOSDAQ","일반서비스","2385","-15","-0.63","71575223760"
"137400","피엔티","KOSDAQ","기계·장비","56700","-1200","-2.07","1343264277600"
"257370","피엔티엠에스","KOSDAQ","기계·장비","3300","40","1.23","41266041300"
"147760","피엠티","KOSDAQ","의료·정밀기기","6990","600","9.39","75630863340"
"128660","피제이메탈","KOSDAQ","금속","3520","-100","-2.76","87307858880"
"006140","피제이전자","KOSDAQ","의료·정밀기기","6880","-80","-1.15","102271200000"
"376180","피코그램","KOSDAQ","기타제조","2815","-115","-3.92","52249321970"
"304840","피플바이오","KOSDAQ","제약","1346","45","3.46","31596861402"
"087600","픽셀플러스","KOSDAQ","전기·전자","6250","-120","-1.88","51040987500"
"291810","핀텔","KOSDAQ","IT 서비스","1718","-83","-4.61","19531447216"
"378340","필에너지","KOSDAQ","기계·장비","20250","-1400","-6.47","437913985500"
"161580","필옵틱스","KOSDAQ","기계·장비","58200","-4800","-7.62","1364338775400"
"347770","핌스","KOSDAQ","전기·전자","2200","0","0.00","50285492400"
"163730","핑거","KOSDAQ","IT 서비스","20750","600","2.98","195186286000"
"417180","핑거스토리","KOSDAQ","IT 서비스","1579","0","0.00","27709275717"
"469880","하나30호스팩","KOSDAQ","금융","2085","-5","-0.24","15230925000"
"469900","하나31호스팩","KOSDAQ","금융","2060","0","0.00","11546300000"
"475240","하나32호스팩","KOSDAQ","금융","2095","0","0.00","6704000000"
"475250","하나33호스팩","KOSDAQ","금융","2080","-15","-0.72","7696000000"
"484130","하나34호스팩","KOSDAQ","금융","2025","-15","-0.74","9153000000"
"0041L0","하나35호스팩","KOSDAQ","금융","2010","0","0.00","12120300000"
"0101C0","하나36호스팩","KOSDAQ","금융","2000","3","0.15","15480000000"
"299030","하나기술","KOSDAQ","기계·장비","28800","-1100","-3.68","230253408000"
"067310","하나마이크론","KOSDAQ","전기·전자","42450","-1050","-2.41","2821406393700"
"166090","하나머티리얼즈","KOSDAQ","전기·전자","80600","-100","-0.12","1594080524400"
"136480","하림","KOSDAQ","음식료·담배","3140","-55","-1.72","333498464280"
"003380","하림지주","KOSDAQ","금융","12770","-660","-4.91","1430311780170"
"450330","하스","KOSDAQ","제약","7120","-380","-5.07","58290322160"
"101670","하이드로리튬","KOSDAQ","금속","2045","5","0.25","116109347415"
"365590","하이딥","KOSDAQ","전기·전자","1954","-41","-2.06","60489239388"
"149980","하이로닉","KOSDAQ","의료·정밀기기","5860","-310","-5.02","124198967180"
"013030","하이록코리아","KOSDAQ","금속","44100","-700","-1.56","518975150400"
"126700","하이비젼시스템","KOSDAQ","의료·정밀기기","18150","-600","-3.20","271199332800"
"160190","하이젠알앤엠","KOSDAQ","전기·전자","41750","-1050","-2.45","1289574000000"
"221840","하이즈항공","KOSDAQ","운송장비·부품","2895","80","2.84","54138124095"
"106190","하이텍팜","KOSDAQ","제약","16560","-730","-4.22","176085344880"
"065650","하이퍼코퍼레이션","KOSDAQ","유통","2110","0","0.00","46192067250"
"066130","하츠","KOSDAQ","전기·전자","4250","20","0.47","54400000000"
"004590","한국가구","KOSDAQ","유통","6050","80","1.34","90750000000"
"039340","한국경제TV","KOSDAQ","오락·문화","4855","-70","-1.42","106810000000"
"034950","한국기업평가","KOSDAQ","일반서비스","110800","1400","1.28","503088951200"
"222980","한국맥널티","KOSDAQ","음식료·담배","2480","-45","-1.78","27358077840"
"256840","한국비엔씨","KOSDAQ","제약","3830","-65","-1.67","261952413380"
"219750","한국비티비","KOSDAQ","의료·정밀기기","766","-17","-2.17","50116993910"
"025550","한국선재","KOSDAQ","금속","3910","-280","-6.68","99759755640"
"017890","한국알콜","KOSDAQ","화학","13660","-60","-0.44","290596091960"
"080720","한국유니온제약","KOSDAQ","제약","2725","0","0.00","21562456300"
"041460","한국전자인증","KOSDAQ","IT 서비스","4160","10","0.24","79040000000"
"101680","한국정밀기계","KOSDAQ","기계·장비","2945","130","4.62","24749780000"
"039740","한국정보공학","KOSDAQ","유통","4130","-20","-0.48","33115979610"
"053300","한국정보인증","KOSDAQ","IT 서비스","6370","-200","-3.04","270351469570"
"025770","한국정보통신","KOSDAQ","통신","11520","-160","-1.37","431358001920"
"464440","한국제13호스팩","KOSDAQ","금융","2090","0","0.00","9028800000"
"479880","한국제15호스팩","KOSDAQ","금융","2045","-5","-0.24","14049150000"
"062970","한국첨단소재","KOSDAQ","전기·전자","3090","190","6.55","176403817260"
"023760","한국캐피탈","KOSDAQ","금융","957","-15","-1.54","302038364232"
"054040","한국컴퓨터","KOSDAQ","전기·전자","5600","-20","-0.36","89999224000"
"021650","한국큐빅","KOSDAQ","화학","2280","-20","-0.87","37279283640"
"032300","한국파마","KOSDAQ","제약","11100","70","0.63","121064381100"
"037230","한국팩키지","KOSDAQ","종이·목재","2260","-30","-1.31","67348739020"
"448900","한국피아이엠","KOSDAQ","운송장비·부품","121000","4000","3.42","735009297000"
"030520","한글과컴퓨터","KOSDAQ","IT 서비스","20050","-450","-2.20","484803867200"
"052600","한네트","KOSDAQ","통신","3970","-15","-0.38","45907889000"
"256150","한독크린텍","KOSDAQ","기계·장비","5390","-50","-0.92","45249050000"
"092460","한라IMS","KOSDAQ","운송장비·부품","19200","110","0.58","328505856000"
"125490","한라캐스트","KOSDAQ","운송장비·부품","16830","-80","-0.47","614334584160"
"452190","한빛레이저","KOSDAQ","기계·장비","9250","-760","-7.59","221265152250"
"047080","한빛소프트","KOSDAQ","IT 서비스","1357","57","4.38","33683945234"
"452280","한선엔지니어링","KOSDAQ","금속","20000","-750","-3.61","384928400000"
"066980","한성크린텍","KOSDAQ","일반서비스","1449","-43","-2.88","75253996125"
"114810","한솔아이원스","KOSDAQ","기계·장비","17050","-730","-4.11","487513616700"
"042520","한스바이오메드","KOSDAQ","제약","23250","-6250","-21.19","331576782750"
"430690","한싹","KOSDAQ","IT 서비스","5140","130","2.59","56001980780"
"078350","한양디지텍","KOSDAQ","전기·전자","33350","100","0.30","508400139700"
"045100","한양이엔지","KOSDAQ","일반서비스","34200","1450","4.43","598500000000"
"320000","한울반도체","KOSDAQ","기계·장비","1533","0","0.00","51116428650"
"091440","한울소재과학","KOSDAQ","전기·전자","3060","-90","-2.86","97302801060"
"276730","한울앤제주","KOSDAQ","음식료·담배","13350","1330","11.06","29570036400"
"024740","한일단조","KOSDAQ","운송장비·부품","3240","-180","-5.26","106586438760"
"005860","한일사료","KOSDAQ","음식료·담배","3600","-215","-5.64","141853266000"
"007770","한일화학","KOSDAQ","화학","7710","-90","-1.15","27062100000"
"198940","한주라이트메탈","KOSDAQ","금속","861","0","0.00","33512684058"
"058450","한주에이알티","KOSDAQ","오락·문화","5000","-400","-7.41","25066860000"
"107640","한중엔시에스","KOSDAQ","전기·전자","64000","-4300","-6.30","580156544000"
"079170","한창산업","KOSDAQ","금속","6410","-100","-1.54","33332000000"
"054920","한컴위드","KOSDAQ","IT 서비스","8170","320","4.08","230533551770"
"457370","한켐","KOSDAQ","화학","9280","0","0.00","74816603520"
"002680","한탑","KOSDAQ","음식료·담배","648","-12","-1.82","20941285752"
"098070","한텍","KOSDAQ","금속","45650","-950","-2.04","507680086650"
"408470","한패스","KOSDAQ","금융","14440","-510","-3.41","152659680000"
"498390","한화플러스제5호스팩","KOSDAQ","금융","2050","10","0.49","10168000000"
"034810","해성산업","KOSDAQ","금융","7750","-90","-1.15","252315641750"
"03481K","해성산업1우","KOSDAQ","금융","7710","-20","-0.26","10708588620"
"059270","해성에어로보틱스","KOSDAQ","금속","9720","90","0.93","108526706280"
"076610","해성옵틱스","KOSDAQ","의료·정밀기기","2275","-175","-7.14","120974126000"
"220180","핸디소프트","KOSDAQ","IT 서비스","1853","-14","-0.75","44343850226"
"900270","헝셩그룹","KOSDAQ","금융","1023","-27","-2.57","24966012192"
"214180","헥토이노베이션","KOSDAQ","IT 서비스","20550","150","0.74","267013691850"
"234340","헥토파이낸셜","KOSDAQ","금융","33950","-2700","-7.37","474303771200"
"084990","헬릭스미스","KOSDAQ","일반서비스","8350","230","2.83","384874854950"
"170030","현대공업","KOSDAQ","운송장비·부품","6180","580","10.36","94801200000"
"319400","현대무벡스","KOSDAQ","기계·장비","31000","-1150","-3.58","3452657209000"
"048410","현대바이오","KOSDAQ","화학","13580","-160","-1.16","1310545667760"
"052260","현대바이오랜드","KOSDAQ","화학","4460","25","0.56","133800000000"
"016790","현대사료","KOSDAQ","음식료·담배","994","0","0.00","187340898626"
"041440","현대에버다임","KOSDAQ","기계·장비","10430","1330","14.62","186863295920"
"039010","현대에이치티","KOSDAQ","전기·전자","11020","310","2.89","95047500000"
"090850","현대이지웰","KOSDAQ","IT 서비스","6020","-180","-2.90","142953093220"
"460930","현대힘스","KOSDAQ","운송장비·부품","19650","-160","-0.81","697784685150"
"092300","현우산업","KOSDAQ","전기·전자","3795","-145","-3.68","72294507120"
"011080","형지I&C","KOSDAQ","섬유·의류","3955","-1045","-20.90","16991716210"
"308100","형지글로벌","KOSDAQ","유통","920","-11","-1.18","22101167360"
"064240","홈캐스트","KOSDAQ","유통","2020","-70","-3.35","70082387020"
"039610","화성밸브","KOSDAQ","기계·장비","9740","60","0.62","101397296000"
"126640","화신정공","KOSDAQ","운송장비·부품","1615","6","0.37","56615294650"
"127980","화인써키트","KOSDAQ","전기·전자","6570","-570","-7.98","77793293880"
"061250","화일약품","KOSDAQ","제약","8060","-220","-2.66","67845727040"
"097870","효성오앤비","KOSDAQ","화학","6350","-320","-4.80","53911500000"
"290270","휴네시온","KOSDAQ","IT 서비스","4060","-70","-1.69","39007148320"
"353190","휴럼","KOSDAQ","음식료·담배","3330","-25","-0.75","26226027720"
"090710","휴림로봇","KOSDAQ","기계·장비","12000","-460","-3.69","1433486364000"
"078590","휴림에이텍","KOSDAQ","운송장비·부품","525","0","0.00","52457053425"
"205470","휴마시스","KOSDAQ","제약","801","0","0.00","103629382209"
"115160","휴맥스","KOSDAQ","유통","7330","-250","-3.30","31608000860"
"028080","휴맥스홀딩스","KOSDAQ","IT 서비스","8010","-890","-10.00","18326407410"
"175140","휴먼테크놀로지","KOSDAQ","전기·전자","3765","-20","-0.53","93915112545"
"200670","휴메딕스","KOSDAQ","제약","34050","-150","-0.44","382379116500"
"065510","휴비츠","KOSDAQ","의료·정밀기기","7660","10","0.13","87981710580"
"263920","휴엠앤씨","KOSDAQ","기타제조","3775","-105","-2.71","37029073150"
"243070","휴온스","KOSDAQ","제약","28850","1400","5.10","345613335250"
"084110","휴온스글로벌","KOSDAQ","제약","59900","2700","4.72","758322738800"
"145020","휴젤","KOSDAQ","제약","259500","4500","1.76","3192896563500"
"024060","흥구석유","KOSDAQ","유통","15390","-450","-2.84","230850000000"
"010240","흥국","KOSDAQ","기계·장비","5880","90","1.55","68831280000"
"189980","흥국에프엔비","KOSDAQ","음식료·담배","1568","8","0.51","62936112736"
"037440","희림","KOSDAQ","일반서비스","7460","1720","29.97","103861663500"
"238490","힘스","KOSDAQ","기계·장비","3450","0","0.00","39027214200"